-- INSERT FOR country
INSERT INTO country (countryid, countryname, alphacode2, alphacode3, iso3166code) VALUES (-1, 'undefined', 'XX', 'XXX', 'undefined');
INSERT INTO country (countryid, countryname, alphacode2, alphacode3, iso3166code) VALUES (4, 'Afghanistan', 'AF', 'AFG', 'ISO 3166-2:AF');
INSERT INTO country (countryid, countryname, alphacode2, alphacode3, iso3166code) VALUES (248, 'Åland Islands', 'AX', 'ALA', 'ISO 3166-2:AX');
INSERT INTO country (countryid, countryname, alphacode2, alphacode3, iso3166code) VALUES (8, 'Albania', 'AL', 'ALB', 'ISO 3166-2:AL');
INSERT INTO country (countryid, countryname, alphacode2, alphacode3, iso3166code) VALUES (12, 'Algeria', 'DZ', 'DZA', 'ISO 3166-2:DZ');
INSERT INTO country (countryid, countryname, alphacode2, alphacode3, iso3166code) VALUES (16, 'American Samoa', 'AS', 'ASM', 'ISO 3166-2:AS');
INSERT INTO country (countryid, countryname, alphacode2, alphacode3, iso3166code) VALUES (20, 'Andorra', 'AD', 'AND', 'ISO 3166-2:AD');
INSERT INTO country (countryid, countryname, alphacode2, alphacode3, iso3166code) VALUES (24, 'Angola', 'AO', 'AGO', 'ISO 3166-2:AO');
INSERT INTO country (countryid, countryname, alphacode2, alphacode3, iso3166code) VALUES (660, 'Anguilla', 'AI', 'AIA', 'ISO 3166-2:AI');
INSERT INTO country (countryid, countryname, alphacode2, alphacode3, iso3166code) VALUES (10, 'Antarctica', 'AQ', 'ATA', 'ISO 3166-2:AQ');
INSERT INTO country (countryid, countryname, alphacode2, alphacode3, iso3166code) VALUES (28, 'Antigua and Barbuda', 'AG', 'ATG', 'ISO 3166-2:AG');
INSERT INTO country (countryid, countryname, alphacode2, alphacode3, iso3166code) VALUES (32, 'Argentina', 'AR', 'ARG', 'ISO 3166-2:AR');
INSERT INTO country (countryid, countryname, alphacode2, alphacode3, iso3166code) VALUES (51, 'Armenia', 'AM', 'ARM', 'ISO 3166-2:AM');
INSERT INTO country (countryid, countryname, alphacode2, alphacode3, iso3166code) VALUES (533, 'Aruba', 'AW', 'ABW', 'ISO 3166-2:AW');
INSERT INTO country (countryid, countryname, alphacode2, alphacode3, iso3166code) VALUES (36, 'Australia', 'AU', 'AUS', 'ISO 3166-2:AU');
INSERT INTO country (countryid, countryname, alphacode2, alphacode3, iso3166code) VALUES (40, 'Austria', 'AT', 'AUT', 'ISO 3166-2:AT');
INSERT INTO country (countryid, countryname, alphacode2, alphacode3, iso3166code) VALUES (31, 'Azerbaijan', 'AZ', 'AZE', 'ISO 3166-2:AZ');
INSERT INTO country (countryid, countryname, alphacode2, alphacode3, iso3166code) VALUES (44, 'Bahamas', 'BS', 'BHS', 'ISO 3166-2:BS');
INSERT INTO country (countryid, countryname, alphacode2, alphacode3, iso3166code) VALUES (48, 'Bahrain', 'BH', 'BHR', 'ISO 3166-2:BH');
INSERT INTO country (countryid, countryname, alphacode2, alphacode3, iso3166code) VALUES (50, 'Bangladesh', 'BD', 'BGD', 'ISO 3166-2:BD');
INSERT INTO country (countryid, countryname, alphacode2, alphacode3, iso3166code) VALUES (52, 'Barbados', 'BB', 'BRB', 'ISO 3166-2:BB');
INSERT INTO country (countryid, countryname, alphacode2, alphacode3, iso3166code) VALUES (112, 'Belarus', 'BY', 'BLR', 'ISO 3166-2:BY');
INSERT INTO country (countryid, countryname, alphacode2, alphacode3, iso3166code) VALUES (56, 'Belgium', 'BE', 'BEL', 'ISO 3166-2:BE');
INSERT INTO country (countryid, countryname, alphacode2, alphacode3, iso3166code) VALUES (84, 'Belize', 'BZ', 'BLZ', 'ISO 3166-2:BZ');
INSERT INTO country (countryid, countryname, alphacode2, alphacode3, iso3166code) VALUES (204, 'Benin', 'BJ', 'BEN', 'ISO 3166-2:BJ');
INSERT INTO country (countryid, countryname, alphacode2, alphacode3, iso3166code) VALUES (60, 'Bermuda', 'BM', 'BMU', 'ISO 3166-2:BM');
INSERT INTO country (countryid, countryname, alphacode2, alphacode3, iso3166code) VALUES (64, 'Bhutan', 'BT', 'BTN', 'ISO 3166-2:BT');
INSERT INTO country (countryid, countryname, alphacode2, alphacode3, iso3166code) VALUES (68, 'Bolivia (Plurinational State of)', 'BO', 'BOL', 'ISO 3166-2:BO');
INSERT INTO country (countryid, countryname, alphacode2, alphacode3, iso3166code) VALUES (535, 'Bonaire, Sint Eustatius and Saba', 'BQ', 'BES', 'ISO 3166-2:BQ');
INSERT INTO country (countryid, countryname, alphacode2, alphacode3, iso3166code) VALUES (70, 'Bosnia and Herzegovina', 'BA', 'BIH', 'ISO 3166-2:BA');
INSERT INTO country (countryid, countryname, alphacode2, alphacode3, iso3166code) VALUES (72, 'Botswana', 'BW', 'BWA', 'ISO 3166-2:BW');
INSERT INTO country (countryid, countryname, alphacode2, alphacode3, iso3166code) VALUES (74, 'Bouvet Island', 'BV', 'BVT', 'ISO 3166-2:BV');
INSERT INTO country (countryid, countryname, alphacode2, alphacode3, iso3166code) VALUES (76, 'Brazil', 'BR', 'BRA', 'ISO 3166-2:BR');
INSERT INTO country (countryid, countryname, alphacode2, alphacode3, iso3166code) VALUES (86, 'British Indian Ocean Territory', 'IO', 'IOT', 'ISO 3166-2:IO');
INSERT INTO country (countryid, countryname, alphacode2, alphacode3, iso3166code) VALUES (96, 'Brunei Darussalam', 'BN', 'BRN', 'ISO 3166-2:BN');
INSERT INTO country (countryid, countryname, alphacode2, alphacode3, iso3166code) VALUES (100, 'Bulgaria', 'BG', 'BGR', 'ISO 3166-2:BG');
INSERT INTO country (countryid, countryname, alphacode2, alphacode3, iso3166code) VALUES (854, 'Burkina Faso', 'BF', 'BFA', 'ISO 3166-2:BF');
INSERT INTO country (countryid, countryname, alphacode2, alphacode3, iso3166code) VALUES (108, 'Burundi', 'BI', 'BDI', 'ISO 3166-2:BI');
INSERT INTO country (countryid, countryname, alphacode2, alphacode3, iso3166code) VALUES (132, 'Cabo Verde', 'CV', 'CPV', 'ISO 3166-2:CV');
INSERT INTO country (countryid, countryname, alphacode2, alphacode3, iso3166code) VALUES (116, 'Cambodia', 'KH', 'KHM', 'ISO 3166-2:KH');
INSERT INTO country (countryid, countryname, alphacode2, alphacode3, iso3166code) VALUES (120, 'Cameroon', 'CM', 'CMR', 'ISO 3166-2:CM');
INSERT INTO country (countryid, countryname, alphacode2, alphacode3, iso3166code) VALUES (124, 'Canada', 'CA', 'CAN', 'ISO 3166-2:CA');
INSERT INTO country (countryid, countryname, alphacode2, alphacode3, iso3166code) VALUES (136, 'Cayman Islands', 'KY', 'CYM', 'ISO 3166-2:KY');
INSERT INTO country (countryid, countryname, alphacode2, alphacode3, iso3166code) VALUES (140, 'Central African Republic', 'CF', 'CAF', 'ISO 3166-2:CF');
INSERT INTO country (countryid, countryname, alphacode2, alphacode3, iso3166code) VALUES (148, 'Chad', 'TD', 'TCD', 'ISO 3166-2:TD');
INSERT INTO country (countryid, countryname, alphacode2, alphacode3, iso3166code) VALUES (152, 'Chile', 'CL', 'CHL', 'ISO 3166-2:CL');
INSERT INTO country (countryid, countryname, alphacode2, alphacode3, iso3166code) VALUES (156, 'China', 'CN', 'CHN', 'ISO 3166-2:CN');
INSERT INTO country (countryid, countryname, alphacode2, alphacode3, iso3166code) VALUES (162, 'Christmas Island', 'CX', 'CXR', 'ISO 3166-2:CX');
INSERT INTO country (countryid, countryname, alphacode2, alphacode3, iso3166code) VALUES (166, 'Cocos (Keeling) Islands', 'CC', 'CCK', 'ISO 3166-2:CC');
INSERT INTO country (countryid, countryname, alphacode2, alphacode3, iso3166code) VALUES (170, 'Colombia', 'CO', 'COL', 'ISO 3166-2:CO');
INSERT INTO country (countryid, countryname, alphacode2, alphacode3, iso3166code) VALUES (174, 'Comoros', 'KM', 'COM', 'ISO 3166-2:KM');
INSERT INTO country (countryid, countryname, alphacode2, alphacode3, iso3166code) VALUES (178, 'Congo', 'CG', 'COG', 'ISO 3166-2:CG');
INSERT INTO country (countryid, countryname, alphacode2, alphacode3, iso3166code) VALUES (180, 'Congo (Democratic Republic of the)', 'CD', 'COD', 'ISO 3166-2:CD');
INSERT INTO country (countryid, countryname, alphacode2, alphacode3, iso3166code) VALUES (184, 'Cook Islands', 'CK', 'COK', 'ISO 3166-2:CK');
INSERT INTO country (countryid, countryname, alphacode2, alphacode3, iso3166code) VALUES (188, 'Costa Rica', 'CR', 'CRI', 'ISO 3166-2:CR');
INSERT INTO country (countryid, countryname, alphacode2, alphacode3, iso3166code) VALUES (384, 'Côte d''Ivoire', 'CI', 'CIV', 'ISO 3166-2:CI');
INSERT INTO country (countryid, countryname, alphacode2, alphacode3, iso3166code) VALUES (191, 'Croatia', 'HR', 'HRV', 'ISO 3166-2:HR');
INSERT INTO country (countryid, countryname, alphacode2, alphacode3, iso3166code) VALUES (192, 'Cuba', 'CU', 'CUB', 'ISO 3166-2:CU');
INSERT INTO country (countryid, countryname, alphacode2, alphacode3, iso3166code) VALUES (531, 'Curaçao', 'CW', 'CUW', 'ISO 3166-2:CW');
INSERT INTO country (countryid, countryname, alphacode2, alphacode3, iso3166code) VALUES (196, 'Cyprus', 'CY', 'CYP', 'ISO 3166-2:CY');
INSERT INTO country (countryid, countryname, alphacode2, alphacode3, iso3166code) VALUES (203, 'Czech Republic', 'CZ', 'CZE', 'ISO 3166-2:CZ');
INSERT INTO country (countryid, countryname, alphacode2, alphacode3, iso3166code) VALUES (208, 'Denmark', 'DK', 'DNK', 'ISO 3166-2:DK');
INSERT INTO country (countryid, countryname, alphacode2, alphacode3, iso3166code) VALUES (262, 'Djibouti', 'DJ', 'DJI', 'ISO 3166-2:DJ');
INSERT INTO country (countryid, countryname, alphacode2, alphacode3, iso3166code) VALUES (212, 'Dominica', 'DM', 'DMA', 'ISO 3166-2:DM');
INSERT INTO country (countryid, countryname, alphacode2, alphacode3, iso3166code) VALUES (214, 'Dominican Republic', 'DO', 'DOM', 'ISO 3166-2:DO');
INSERT INTO country (countryid, countryname, alphacode2, alphacode3, iso3166code) VALUES (218, 'Ecuador', 'EC', 'ECU', 'ISO 3166-2:EC');
INSERT INTO country (countryid, countryname, alphacode2, alphacode3, iso3166code) VALUES (818, 'Egypt', 'EG', 'EGY', 'ISO 3166-2:EG');
INSERT INTO country (countryid, countryname, alphacode2, alphacode3, iso3166code) VALUES (222, 'El Salvador', 'SV', 'SLV', 'ISO 3166-2:SV');
INSERT INTO country (countryid, countryname, alphacode2, alphacode3, iso3166code) VALUES (226, 'Equatorial Guinea', 'GQ', 'GNQ', 'ISO 3166-2:GQ');
INSERT INTO country (countryid, countryname, alphacode2, alphacode3, iso3166code) VALUES (232, 'Eritrea', 'ER', 'ERI', 'ISO 3166-2:ER');
INSERT INTO country (countryid, countryname, alphacode2, alphacode3, iso3166code) VALUES (233, 'Estonia', 'EE', 'EST', 'ISO 3166-2:EE');
INSERT INTO country (countryid, countryname, alphacode2, alphacode3, iso3166code) VALUES (231, 'Ethiopia', 'ET', 'ETH', 'ISO 3166-2:ET');
INSERT INTO country (countryid, countryname, alphacode2, alphacode3, iso3166code) VALUES (238, 'Falkland Islands (Malvinas)', 'FK', 'FLK', 'ISO 3166-2:FK');
INSERT INTO country (countryid, countryname, alphacode2, alphacode3, iso3166code) VALUES (234, 'Faroe Islands', 'FO', 'FRO', 'ISO 3166-2:FO');
INSERT INTO country (countryid, countryname, alphacode2, alphacode3, iso3166code) VALUES (242, 'Fiji', 'FJ', 'FJI', 'ISO 3166-2:FJ');
INSERT INTO country (countryid, countryname, alphacode2, alphacode3, iso3166code) VALUES (246, 'Finland', 'FI', 'FIN', 'ISO 3166-2:FI');
INSERT INTO country (countryid, countryname, alphacode2, alphacode3, iso3166code) VALUES (250, 'France', 'FR', 'FRA', 'ISO 3166-2:FR');
INSERT INTO country (countryid, countryname, alphacode2, alphacode3, iso3166code) VALUES (254, 'French Guiana', 'GF', 'GUF', 'ISO 3166-2:GF');
INSERT INTO country (countryid, countryname, alphacode2, alphacode3, iso3166code) VALUES (258, 'French Polynesia', 'PF', 'PYF', 'ISO 3166-2:PF');
INSERT INTO country (countryid, countryname, alphacode2, alphacode3, iso3166code) VALUES (260, 'French Southern Territories', 'TF', 'ATF', 'ISO 3166-2:TF');
INSERT INTO country (countryid, countryname, alphacode2, alphacode3, iso3166code) VALUES (266, 'Gabon', 'GA', 'GAB', 'ISO 3166-2:GA');
INSERT INTO country (countryid, countryname, alphacode2, alphacode3, iso3166code) VALUES (270, 'Gambia', 'GM', 'GMB', 'ISO 3166-2:GM');
INSERT INTO country (countryid, countryname, alphacode2, alphacode3, iso3166code) VALUES (268, 'Georgia', 'GE', 'GEO', 'ISO 3166-2:GE');
INSERT INTO country (countryid, countryname, alphacode2, alphacode3, iso3166code) VALUES (276, 'Germany', 'DE', 'DEU', 'ISO 3166-2:DE');
INSERT INTO country (countryid, countryname, alphacode2, alphacode3, iso3166code) VALUES (288, 'Ghana', 'GH', 'GHA', 'ISO 3166-2:GH');
INSERT INTO country (countryid, countryname, alphacode2, alphacode3, iso3166code) VALUES (292, 'Gibraltar', 'GI', 'GIB', 'ISO 3166-2:GI');
INSERT INTO country (countryid, countryname, alphacode2, alphacode3, iso3166code) VALUES (300, 'Greece', 'GR', 'GRC', 'ISO 3166-2:GR');
INSERT INTO country (countryid, countryname, alphacode2, alphacode3, iso3166code) VALUES (304, 'Greenland', 'GL', 'GRL', 'ISO 3166-2:GL');
INSERT INTO country (countryid, countryname, alphacode2, alphacode3, iso3166code) VALUES (308, 'Grenada', 'GD', 'GRD', 'ISO 3166-2:GD');
INSERT INTO country (countryid, countryname, alphacode2, alphacode3, iso3166code) VALUES (312, 'Guadeloupe', 'GP', 'GLP', 'ISO 3166-2:GP');
INSERT INTO country (countryid, countryname, alphacode2, alphacode3, iso3166code) VALUES (316, 'Guam', 'GU', 'GUM', 'ISO 3166-2:GU');
INSERT INTO country (countryid, countryname, alphacode2, alphacode3, iso3166code) VALUES (320, 'Guatemala', 'GT', 'GTM', 'ISO 3166-2:GT');
INSERT INTO country (countryid, countryname, alphacode2, alphacode3, iso3166code) VALUES (831, 'Guernsey', 'GG', 'GGY', 'ISO 3166-2:GG');
INSERT INTO country (countryid, countryname, alphacode2, alphacode3, iso3166code) VALUES (324, 'Guinea', 'GN', 'GIN', 'ISO 3166-2:GN');
INSERT INTO country (countryid, countryname, alphacode2, alphacode3, iso3166code) VALUES (624, 'Guinea-Bissau', 'GW', 'GNB', 'ISO 3166-2:GW');
INSERT INTO country (countryid, countryname, alphacode2, alphacode3, iso3166code) VALUES (328, 'Guyana', 'GY', 'GUY', 'ISO 3166-2:GY');
INSERT INTO country (countryid, countryname, alphacode2, alphacode3, iso3166code) VALUES (332, 'Haiti', 'HT', 'HTI', 'ISO 3166-2:HT');
INSERT INTO country (countryid, countryname, alphacode2, alphacode3, iso3166code) VALUES (334, 'Heard Island and McDonald Islands', 'HM', 'HMD', 'ISO 3166-2:HM');
INSERT INTO country (countryid, countryname, alphacode2, alphacode3, iso3166code) VALUES (336, 'Holy See', 'VA', 'VAT', 'ISO 3166-2:VA');
INSERT INTO country (countryid, countryname, alphacode2, alphacode3, iso3166code) VALUES (340, 'Honduras', 'HN', 'HND', 'ISO 3166-2:HN');
INSERT INTO country (countryid, countryname, alphacode2, alphacode3, iso3166code) VALUES (344, 'Hong Kong', 'HK', 'HKG', 'ISO 3166-2:HK');
INSERT INTO country (countryid, countryname, alphacode2, alphacode3, iso3166code) VALUES (348, 'Hungary', 'HU', 'HUN', 'ISO 3166-2:HU');
INSERT INTO country (countryid, countryname, alphacode2, alphacode3, iso3166code) VALUES (352, 'Iceland', 'IS', 'ISL', 'ISO 3166-2:IS');
INSERT INTO country (countryid, countryname, alphacode2, alphacode3, iso3166code) VALUES (356, 'India', 'IN', 'IND', 'ISO 3166-2:IN');
INSERT INTO country (countryid, countryname, alphacode2, alphacode3, iso3166code) VALUES (360, 'Indonesia', 'ID', 'IDN', 'ISO 3166-2:ID');
INSERT INTO country (countryid, countryname, alphacode2, alphacode3, iso3166code) VALUES (364, 'Iran (Islamic Republic of)', 'IR', 'IRN', 'ISO 3166-2:IR');
INSERT INTO country (countryid, countryname, alphacode2, alphacode3, iso3166code) VALUES (368, 'Iraq', 'IQ', 'IRQ', 'ISO 3166-2:IQ');
INSERT INTO country (countryid, countryname, alphacode2, alphacode3, iso3166code) VALUES (372, 'Ireland', 'IE', 'IRL', 'ISO 3166-2:IE');
INSERT INTO country (countryid, countryname, alphacode2, alphacode3, iso3166code) VALUES (833, 'Isle of Man', 'IM', 'IMN', 'ISO 3166-2:IM');
INSERT INTO country (countryid, countryname, alphacode2, alphacode3, iso3166code) VALUES (376, 'Israel', 'IL', 'ISR', 'ISO 3166-2:IL');
INSERT INTO country (countryid, countryname, alphacode2, alphacode3, iso3166code) VALUES (380, 'Italy', 'IT', 'ITA', 'ISO 3166-2:IT');
INSERT INTO country (countryid, countryname, alphacode2, alphacode3, iso3166code) VALUES (388, 'Jamaica', 'JM', 'JAM', 'ISO 3166-2:JM');
INSERT INTO country (countryid, countryname, alphacode2, alphacode3, iso3166code) VALUES (392, 'Japan', 'JP', 'JPN', 'ISO 3166-2:JP');
INSERT INTO country (countryid, countryname, alphacode2, alphacode3, iso3166code) VALUES (832, 'Jersey', 'JE', 'JEY', 'ISO 3166-2:JE');
INSERT INTO country (countryid, countryname, alphacode2, alphacode3, iso3166code) VALUES (400, 'Jordan', 'JO', 'JOR', 'ISO 3166-2:JO');
INSERT INTO country (countryid, countryname, alphacode2, alphacode3, iso3166code) VALUES (398, 'Kazakhstan', 'KZ', 'KAZ', 'ISO 3166-2:KZ');
INSERT INTO country (countryid, countryname, alphacode2, alphacode3, iso3166code) VALUES (404, 'Kenya', 'KE', 'KEN', 'ISO 3166-2:KE');
INSERT INTO country (countryid, countryname, alphacode2, alphacode3, iso3166code) VALUES (296, 'Kiribati', 'KI', 'KIR', 'ISO 3166-2:KI');
INSERT INTO country (countryid, countryname, alphacode2, alphacode3, iso3166code) VALUES (408, 'Korea (Democratic People''s Republic of)', 'KP', 'PRK', 'ISO 3166-2:KP');
INSERT INTO country (countryid, countryname, alphacode2, alphacode3, iso3166code) VALUES (410, 'Korea (Republic of)', 'KR', 'KOR', 'ISO 3166-2:KR');
INSERT INTO country (countryid, countryname, alphacode2, alphacode3, iso3166code) VALUES (414, 'Kuwait', 'KW', 'KWT', 'ISO 3166-2:KW');
INSERT INTO country (countryid, countryname, alphacode2, alphacode3, iso3166code) VALUES (417, 'Kyrgyzstan', 'KG', 'KGZ', 'ISO 3166-2:KG');
INSERT INTO country (countryid, countryname, alphacode2, alphacode3, iso3166code) VALUES (418, 'Lao People''s Democratic Republic', 'LA', 'LAO', 'ISO 3166-2:LA');
INSERT INTO country (countryid, countryname, alphacode2, alphacode3, iso3166code) VALUES (428, 'Latvia', 'LV', 'LVA', 'ISO 3166-2:LV');
INSERT INTO country (countryid, countryname, alphacode2, alphacode3, iso3166code) VALUES (422, 'Lebanon', 'LB', 'LBN', 'ISO 3166-2:LB');
INSERT INTO country (countryid, countryname, alphacode2, alphacode3, iso3166code) VALUES (426, 'Lesotho', 'LS', 'LSO', 'ISO 3166-2:LS');
INSERT INTO country (countryid, countryname, alphacode2, alphacode3, iso3166code) VALUES (430, 'Liberia', 'LR', 'LBR', 'ISO 3166-2:LR');
INSERT INTO country (countryid, countryname, alphacode2, alphacode3, iso3166code) VALUES (434, 'Libya', 'LY', 'LBY', 'ISO 3166-2:LY');
INSERT INTO country (countryid, countryname, alphacode2, alphacode3, iso3166code) VALUES (438, 'Liechtenstein', 'LI', 'LIE', 'ISO 3166-2:LI');
INSERT INTO country (countryid, countryname, alphacode2, alphacode3, iso3166code) VALUES (440, 'Lithuania', 'LT', 'LTU', 'ISO 3166-2:LT');
INSERT INTO country (countryid, countryname, alphacode2, alphacode3, iso3166code) VALUES (442, 'Luxembourg', 'LU', 'LUX', 'ISO 3166-2:LU');
INSERT INTO country (countryid, countryname, alphacode2, alphacode3, iso3166code) VALUES (446, 'Macao', 'MO', 'MAC', 'ISO 3166-2:MO');
INSERT INTO country (countryid, countryname, alphacode2, alphacode3, iso3166code) VALUES (807, 'Macedonia (the former Yugoslav Republic of)', 'MK', 'MKD', 'ISO 3166-2:MK');
INSERT INTO country (countryid, countryname, alphacode2, alphacode3, iso3166code) VALUES (450, 'Madagascar', 'MG', 'MDG', 'ISO 3166-2:MG');
INSERT INTO country (countryid, countryname, alphacode2, alphacode3, iso3166code) VALUES (454, 'Malawi', 'MW', 'MWI', 'ISO 3166-2:MW');
INSERT INTO country (countryid, countryname, alphacode2, alphacode3, iso3166code) VALUES (458, 'Malaysia', 'MY', 'MYS', 'ISO 3166-2:MY');
INSERT INTO country (countryid, countryname, alphacode2, alphacode3, iso3166code) VALUES (462, 'Maldives', 'MV', 'MDV', 'ISO 3166-2:MV');
INSERT INTO country (countryid, countryname, alphacode2, alphacode3, iso3166code) VALUES (466, 'Mali', 'ML', 'MLI', 'ISO 3166-2:ML');
INSERT INTO country (countryid, countryname, alphacode2, alphacode3, iso3166code) VALUES (470, 'Malta', 'MT', 'MLT', 'ISO 3166-2:MT');
INSERT INTO country (countryid, countryname, alphacode2, alphacode3, iso3166code) VALUES (584, 'Marshall Islands', 'MH', 'MHL', 'ISO 3166-2:MH');
INSERT INTO country (countryid, countryname, alphacode2, alphacode3, iso3166code) VALUES (474, 'Martinique', 'MQ', 'MTQ', 'ISO 3166-2:MQ');
INSERT INTO country (countryid, countryname, alphacode2, alphacode3, iso3166code) VALUES (478, 'Mauritania', 'MR', 'MRT', 'ISO 3166-2:MR');
INSERT INTO country (countryid, countryname, alphacode2, alphacode3, iso3166code) VALUES (480, 'Mauritius', 'MU', 'MUS', 'ISO 3166-2:MU');
INSERT INTO country (countryid, countryname, alphacode2, alphacode3, iso3166code) VALUES (175, 'Mayotte', 'YT', 'MYT', 'ISO 3166-2:YT');
INSERT INTO country (countryid, countryname, alphacode2, alphacode3, iso3166code) VALUES (484, 'Mexico', 'MX', 'MEX', 'ISO 3166-2:MX');
INSERT INTO country (countryid, countryname, alphacode2, alphacode3, iso3166code) VALUES (583, 'Micronesia (Federated States of)', 'FM', 'FSM', 'ISO 3166-2:FM');
INSERT INTO country (countryid, countryname, alphacode2, alphacode3, iso3166code) VALUES (498, 'Moldova (Republic of)', 'MD', 'MDA', 'ISO 3166-2:MD');
INSERT INTO country (countryid, countryname, alphacode2, alphacode3, iso3166code) VALUES (492, 'Monaco', 'MC', 'MCO', 'ISO 3166-2:MC');
INSERT INTO country (countryid, countryname, alphacode2, alphacode3, iso3166code) VALUES (496, 'Mongolia', 'MN', 'MNG', 'ISO 3166-2:MN');
INSERT INTO country (countryid, countryname, alphacode2, alphacode3, iso3166code) VALUES (499, 'Montenegro', 'ME', 'MNE', 'ISO 3166-2:ME');
INSERT INTO country (countryid, countryname, alphacode2, alphacode3, iso3166code) VALUES (500, 'Montserrat', 'MS', 'MSR', 'ISO 3166-2:MS');
INSERT INTO country (countryid, countryname, alphacode2, alphacode3, iso3166code) VALUES (504, 'Morocco', 'MA', 'MAR', 'ISO 3166-2:MA');
INSERT INTO country (countryid, countryname, alphacode2, alphacode3, iso3166code) VALUES (508, 'Mozambique', 'MZ', 'MOZ', 'ISO 3166-2:MZ');
INSERT INTO country (countryid, countryname, alphacode2, alphacode3, iso3166code) VALUES (104, 'Myanmar', 'MM', 'MMR', 'ISO 3166-2:MM');
INSERT INTO country (countryid, countryname, alphacode2, alphacode3, iso3166code) VALUES (516, 'Namibia', 'NA', 'NAM', 'ISO 3166-2:NA');
INSERT INTO country (countryid, countryname, alphacode2, alphacode3, iso3166code) VALUES (520, 'Nauru', 'NR', 'NRU', 'ISO 3166-2:NR');
INSERT INTO country (countryid, countryname, alphacode2, alphacode3, iso3166code) VALUES (524, 'Nepal', 'NP', 'NPL', 'ISO 3166-2:NP');
INSERT INTO country (countryid, countryname, alphacode2, alphacode3, iso3166code) VALUES (528, 'Netherlands', 'NL', 'NLD', 'ISO 3166-2:NL');
INSERT INTO country (countryid, countryname, alphacode2, alphacode3, iso3166code) VALUES (540, 'New Caledonia', 'NC', 'NCL', 'ISO 3166-2:NC');
INSERT INTO country (countryid, countryname, alphacode2, alphacode3, iso3166code) VALUES (554, 'New Zealand', 'NZ', 'NZL', 'ISO 3166-2:NZ');
INSERT INTO country (countryid, countryname, alphacode2, alphacode3, iso3166code) VALUES (558, 'Nicaragua', 'NI', 'NIC', 'ISO 3166-2:NI');
INSERT INTO country (countryid, countryname, alphacode2, alphacode3, iso3166code) VALUES (562, 'Niger', 'NE', 'NER', 'ISO 3166-2:NE');
INSERT INTO country (countryid, countryname, alphacode2, alphacode3, iso3166code) VALUES (566, 'Nigeria', 'NG', 'NGA', 'ISO 3166-2:NG');
INSERT INTO country (countryid, countryname, alphacode2, alphacode3, iso3166code) VALUES (570, 'Niue', 'NU', 'NIU', 'ISO 3166-2:NU');
INSERT INTO country (countryid, countryname, alphacode2, alphacode3, iso3166code) VALUES (574, 'Norfolk Island', 'NF', 'NFK', 'ISO 3166-2:NF');
INSERT INTO country (countryid, countryname, alphacode2, alphacode3, iso3166code) VALUES (580, 'Northern Mariana Islands', 'MP', 'MNP', 'ISO 3166-2:MP');
INSERT INTO country (countryid, countryname, alphacode2, alphacode3, iso3166code) VALUES (578, 'Norway', 'NO', 'NOR', 'ISO 3166-2:NO');
INSERT INTO country (countryid, countryname, alphacode2, alphacode3, iso3166code) VALUES (512, 'Oman', 'OM', 'OMN', 'ISO 3166-2:OM');
INSERT INTO country (countryid, countryname, alphacode2, alphacode3, iso3166code) VALUES (586, 'Pakistan', 'PK', 'PAK', 'ISO 3166-2:PK');
INSERT INTO country (countryid, countryname, alphacode2, alphacode3, iso3166code) VALUES (585, 'Palau', 'PW', 'PLW', 'ISO 3166-2:PW');
INSERT INTO country (countryid, countryname, alphacode2, alphacode3, iso3166code) VALUES (275, 'Palestine, State of', 'PS', 'PSE', 'ISO 3166-2:PS');
INSERT INTO country (countryid, countryname, alphacode2, alphacode3, iso3166code) VALUES (591, 'Panama', 'PA', 'PAN', 'ISO 3166-2:PA');
INSERT INTO country (countryid, countryname, alphacode2, alphacode3, iso3166code) VALUES (598, 'Papua New Guinea', 'PG', 'PNG', 'ISO 3166-2:PG');
INSERT INTO country (countryid, countryname, alphacode2, alphacode3, iso3166code) VALUES (600, 'Paraguay', 'PY', 'PRY', 'ISO 3166-2:PY');
INSERT INTO country (countryid, countryname, alphacode2, alphacode3, iso3166code) VALUES (604, 'Peru', 'PE', 'PER', 'ISO 3166-2:PE');
INSERT INTO country (countryid, countryname, alphacode2, alphacode3, iso3166code) VALUES (608, 'Philippines', 'PH', 'PHL', 'ISO 3166-2:PH');
INSERT INTO country (countryid, countryname, alphacode2, alphacode3, iso3166code) VALUES (612, 'Pitcairn', 'PN', 'PCN', 'ISO 3166-2:PN');
INSERT INTO country (countryid, countryname, alphacode2, alphacode3, iso3166code) VALUES (616, 'Poland', 'PL', 'POL', 'ISO 3166-2:PL');
INSERT INTO country (countryid, countryname, alphacode2, alphacode3, iso3166code) VALUES (620, 'Portugal', 'PT', 'PRT', 'ISO 3166-2:PT');
INSERT INTO country (countryid, countryname, alphacode2, alphacode3, iso3166code) VALUES (630, 'Puerto Rico', 'PR', 'PRI', 'ISO 3166-2:PR');
INSERT INTO country (countryid, countryname, alphacode2, alphacode3, iso3166code) VALUES (634, 'Qatar', 'QA', 'QAT', 'ISO 3166-2:QA');
INSERT INTO country (countryid, countryname, alphacode2, alphacode3, iso3166code) VALUES (638, 'Réunion', 'RE', 'REU', 'ISO 3166-2:RE');
INSERT INTO country (countryid, countryname, alphacode2, alphacode3, iso3166code) VALUES (642, 'Romania', 'RO', 'ROU', 'ISO 3166-2:RO');
INSERT INTO country (countryid, countryname, alphacode2, alphacode3, iso3166code) VALUES (643, 'Russian Federation', 'RU', 'RUS', 'ISO 3166-2:RU');
INSERT INTO country (countryid, countryname, alphacode2, alphacode3, iso3166code) VALUES (646, 'Rwanda', 'RW', 'RWA', 'ISO 3166-2:RW');
INSERT INTO country (countryid, countryname, alphacode2, alphacode3, iso3166code) VALUES (652, 'Saint Barthélemy', 'BL', 'BLM', 'ISO 3166-2:BL');
INSERT INTO country (countryid, countryname, alphacode2, alphacode3, iso3166code) VALUES (654, 'Saint Helena, Ascension and Tristan da Cunha', 'SH', 'SHN', 'ISO 3166-2:SH');
INSERT INTO country (countryid, countryname, alphacode2, alphacode3, iso3166code) VALUES (659, 'Saint Kitts and Nevis', 'KN', 'KNA', 'ISO 3166-2:KN');
INSERT INTO country (countryid, countryname, alphacode2, alphacode3, iso3166code) VALUES (662, 'Saint Lucia', 'LC', 'LCA', 'ISO 3166-2:LC');
INSERT INTO country (countryid, countryname, alphacode2, alphacode3, iso3166code) VALUES (663, 'Saint Martin (French part)', 'MF', 'MAF', 'ISO 3166-2:MF');
INSERT INTO country (countryid, countryname, alphacode2, alphacode3, iso3166code) VALUES (666, 'Saint Pierre and Miquelon', 'PM', 'SPM', 'ISO 3166-2:PM');
INSERT INTO country (countryid, countryname, alphacode2, alphacode3, iso3166code) VALUES (670, 'Saint Vincent and the Grenadines', 'VC', 'VCT', 'ISO 3166-2:VC');
INSERT INTO country (countryid, countryname, alphacode2, alphacode3, iso3166code) VALUES (882, 'Samoa', 'WS', 'WSM', 'ISO 3166-2:WS');
INSERT INTO country (countryid, countryname, alphacode2, alphacode3, iso3166code) VALUES (674, 'San Marino', 'SM', 'SMR', 'ISO 3166-2:SM');
INSERT INTO country (countryid, countryname, alphacode2, alphacode3, iso3166code) VALUES (678, 'Sao Tome and Principe', 'ST', 'STP', 'ISO 3166-2:ST');
INSERT INTO country (countryid, countryname, alphacode2, alphacode3, iso3166code) VALUES (682, 'Saudi Arabia', 'SA', 'SAU', 'ISO 3166-2:SA');
INSERT INTO country (countryid, countryname, alphacode2, alphacode3, iso3166code) VALUES (686, 'Senegal', 'SN', 'SEN', 'ISO 3166-2:SN');
INSERT INTO country (countryid, countryname, alphacode2, alphacode3, iso3166code) VALUES (688, 'Serbia', 'RS', 'SRB', 'ISO 3166-2:RS');
INSERT INTO country (countryid, countryname, alphacode2, alphacode3, iso3166code) VALUES (690, 'Seychelles', 'SC', 'SYC', 'ISO 3166-2:SC');
INSERT INTO country (countryid, countryname, alphacode2, alphacode3, iso3166code) VALUES (694, 'Sierra Leone', 'SL', 'SLE', 'ISO 3166-2:SL');
INSERT INTO country (countryid, countryname, alphacode2, alphacode3, iso3166code) VALUES (702, 'Singapore', 'SG', 'SGP', 'ISO 3166-2:SG');
INSERT INTO country (countryid, countryname, alphacode2, alphacode3, iso3166code) VALUES (534, 'Sint Maarten (Dutch part)', 'SX', 'SXM', 'ISO 3166-2:SX');
INSERT INTO country (countryid, countryname, alphacode2, alphacode3, iso3166code) VALUES (703, 'Slovakia', 'SK', 'SVK', 'ISO 3166-2:SK');
INSERT INTO country (countryid, countryname, alphacode2, alphacode3, iso3166code) VALUES (705, 'Slovenia', 'SI', 'SVN', 'ISO 3166-2:SI');
INSERT INTO country (countryid, countryname, alphacode2, alphacode3, iso3166code) VALUES (90, 'Solomon Islands', 'SB', 'SLB', 'ISO 3166-2:SB');
INSERT INTO country (countryid, countryname, alphacode2, alphacode3, iso3166code) VALUES (706, 'Somalia', 'SO', 'SOM', 'ISO 3166-2:SO');
INSERT INTO country (countryid, countryname, alphacode2, alphacode3, iso3166code) VALUES (710, 'South Africa', 'ZA', 'ZAF', 'ISO 3166-2:ZA');
INSERT INTO country (countryid, countryname, alphacode2, alphacode3, iso3166code) VALUES (239, 'South Georgia and the South Sandwich Islands', 'GS', 'SGS', 'ISO 3166-2:GS');
INSERT INTO country (countryid, countryname, alphacode2, alphacode3, iso3166code) VALUES (728, 'South Sudan', 'SS', 'SSD', 'ISO 3166-2:SS');
INSERT INTO country (countryid, countryname, alphacode2, alphacode3, iso3166code) VALUES (724, 'Spain', 'ES', 'ESP', 'ISO 3166-2:ES');
INSERT INTO country (countryid, countryname, alphacode2, alphacode3, iso3166code) VALUES (144, 'Sri Lanka', 'LK', 'LKA', 'ISO 3166-2:LK');
INSERT INTO country (countryid, countryname, alphacode2, alphacode3, iso3166code) VALUES (729, 'Sudan', 'SD', 'SDN', 'ISO 3166-2:SD');
INSERT INTO country (countryid, countryname, alphacode2, alphacode3, iso3166code) VALUES (740, 'Suriname', 'SR', 'SUR', 'ISO 3166-2:SR');
INSERT INTO country (countryid, countryname, alphacode2, alphacode3, iso3166code) VALUES (744, 'Svalbard and Jan Mayen', 'SJ', 'SJM', 'ISO 3166-2:SJ');
INSERT INTO country (countryid, countryname, alphacode2, alphacode3, iso3166code) VALUES (748, 'Swaziland', 'SZ', 'SWZ', 'ISO 3166-2:SZ');
INSERT INTO country (countryid, countryname, alphacode2, alphacode3, iso3166code) VALUES (752, 'Sweden', 'SE', 'SWE', 'ISO 3166-2:SE');
INSERT INTO country (countryid, countryname, alphacode2, alphacode3, iso3166code) VALUES (756, 'Switzerland', 'CH', 'CHE', 'ISO 3166-2:CH');
INSERT INTO country (countryid, countryname, alphacode2, alphacode3, iso3166code) VALUES (760, 'Syrian Arab Republic', 'SY', 'SYR', 'ISO 3166-2:SY');
INSERT INTO country (countryid, countryname, alphacode2, alphacode3, iso3166code) VALUES (158, 'Taiwan, Province of China[a]', 'TW', 'TWN', 'ISO 3166-2:TW');
INSERT INTO country (countryid, countryname, alphacode2, alphacode3, iso3166code) VALUES (762, 'Tajikistan', 'TJ', 'TJK', 'ISO 3166-2:TJ');
INSERT INTO country (countryid, countryname, alphacode2, alphacode3, iso3166code) VALUES (834, 'Tanzania, United Republic of', 'TZ', 'TZA', 'ISO 3166-2:TZ');
INSERT INTO country (countryid, countryname, alphacode2, alphacode3, iso3166code) VALUES (764, 'Thailand', 'TH', 'THA', 'ISO 3166-2:TH');
INSERT INTO country (countryid, countryname, alphacode2, alphacode3, iso3166code) VALUES (626, 'Timor-Leste', 'TL', 'TLS', 'ISO 3166-2:TL');
INSERT INTO country (countryid, countryname, alphacode2, alphacode3, iso3166code) VALUES (768, 'Togo', 'TG', 'TGO', 'ISO 3166-2:TG');
INSERT INTO country (countryid, countryname, alphacode2, alphacode3, iso3166code) VALUES (772, 'Tokelau', 'TK', 'TKL', 'ISO 3166-2:TK');
INSERT INTO country (countryid, countryname, alphacode2, alphacode3, iso3166code) VALUES (776, 'Tonga', 'TO', 'TON', 'ISO 3166-2:TO');
INSERT INTO country (countryid, countryname, alphacode2, alphacode3, iso3166code) VALUES (780, 'Trinidad and Tobago', 'TT', 'TTO', 'ISO 3166-2:TT');
INSERT INTO country (countryid, countryname, alphacode2, alphacode3, iso3166code) VALUES (788, 'Tunisia', 'TN', 'TUN', 'ISO 3166-2:TN');
INSERT INTO country (countryid, countryname, alphacode2, alphacode3, iso3166code) VALUES (792, 'Turkey', 'TR', 'TUR', 'ISO 3166-2:TR');
INSERT INTO country (countryid, countryname, alphacode2, alphacode3, iso3166code) VALUES (795, 'Turkmenistan', 'TM', 'TKM', 'ISO 3166-2:TM');
INSERT INTO country (countryid, countryname, alphacode2, alphacode3, iso3166code) VALUES (796, 'Turks and Caicos Islands', 'TC', 'TCA', 'ISO 3166-2:TC');
INSERT INTO country (countryid, countryname, alphacode2, alphacode3, iso3166code) VALUES (798, 'Tuvalu', 'TV', 'TUV', 'ISO 3166-2:TV');
INSERT INTO country (countryid, countryname, alphacode2, alphacode3, iso3166code) VALUES (800, 'Uganda', 'UG', 'UGA', 'ISO 3166-2:UG');
INSERT INTO country (countryid, countryname, alphacode2, alphacode3, iso3166code) VALUES (804, 'Ukraine', 'UA', 'UKR', 'ISO 3166-2:UA');
INSERT INTO country (countryid, countryname, alphacode2, alphacode3, iso3166code) VALUES (784, 'United Arab Emirates', 'AE', 'ARE', 'ISO 3166-2:AE');
INSERT INTO country (countryid, countryname, alphacode2, alphacode3, iso3166code) VALUES (826, 'United Kingdom of Great Britain and Northern Ireland', 'GB', 'GBR', 'ISO 3166-2:GB');
INSERT INTO country (countryid, countryname, alphacode2, alphacode3, iso3166code) VALUES (840, 'United States of America', 'US', 'USA', 'ISO 3166-2:US');
INSERT INTO country (countryid, countryname, alphacode2, alphacode3, iso3166code) VALUES (581, 'United States Minor Outlying Islands', 'UM', 'UMI', 'ISO 3166-2:UM');
INSERT INTO country (countryid, countryname, alphacode2, alphacode3, iso3166code) VALUES (858, 'Uruguay', 'UY', 'URY', 'ISO 3166-2:UY');
INSERT INTO country (countryid, countryname, alphacode2, alphacode3, iso3166code) VALUES (860, 'Uzbekistan', 'UZ', 'UZB', 'ISO 3166-2:UZ');
INSERT INTO country (countryid, countryname, alphacode2, alphacode3, iso3166code) VALUES (548, 'Vanuatu', 'VU', 'VUT', 'ISO 3166-2:VU');
INSERT INTO country (countryid, countryname, alphacode2, alphacode3, iso3166code) VALUES (862, 'Venezuela (Bolivarian Republic of)', 'VE', 'VEN', 'ISO 3166-2:VE');
INSERT INTO country (countryid, countryname, alphacode2, alphacode3, iso3166code) VALUES (704, 'Viet Nam', 'VN', 'VNM', 'ISO 3166-2:VN');
INSERT INTO country (countryid, countryname, alphacode2, alphacode3, iso3166code) VALUES (92, 'Virgin Islands (British)', 'VG', 'VGB', 'ISO 3166-2:VG');
INSERT INTO country (countryid, countryname, alphacode2, alphacode3, iso3166code) VALUES (850, 'Virgin Islands (U.S.)', 'VI', 'VIR', 'ISO 3166-2:VI');
INSERT INTO country (countryid, countryname, alphacode2, alphacode3, iso3166code) VALUES (876, 'Wallis and Futuna', 'WF', 'WLF', 'ISO 3166-2:WF');
INSERT INTO country (countryid, countryname, alphacode2, alphacode3, iso3166code) VALUES (732, 'Western Sahara', 'EH', 'ESH', 'ISO 3166-2:EH');
INSERT INTO country (countryid, countryname, alphacode2, alphacode3, iso3166code) VALUES (887, 'Yemen', 'YE', 'YEM', 'ISO 3166-2:YE');
INSERT INTO country (countryid, countryname, alphacode2, alphacode3, iso3166code) VALUES (894, 'Zambia', 'ZM', 'ZMB', 'ISO 3166-2:ZM');
INSERT INTO country (countryid, countryname, alphacode2, alphacode3, iso3166code) VALUES (716, 'Zimbabwe', 'ZW', 'ZWE', 'ISO 3166-2:ZW');

-- INSERT FOR state
INSERT INTO state (stateid, statename, countryid) VALUES (-1, 'undefined', -1);
INSERT INTO state (stateid, statename, countryid) VALUES (356001, 'Andaman and Nicobar Islands', 356);
INSERT INTO state (stateid, statename, countryid) VALUES (356002, 'Andhra Pradesh', 356);
INSERT INTO state (stateid, statename, countryid) VALUES (356003, 'Arunachal Pradesh', 356);
INSERT INTO state (stateid, statename, countryid) VALUES (356004, 'Assam', 356);
INSERT INTO state (stateid, statename, countryid) VALUES (356005, 'Bihar', 356);
INSERT INTO state (stateid, statename, countryid) VALUES (356006, 'Chattisgarh', 356);
INSERT INTO state (stateid, statename, countryid) VALUES (356007, 'Dadra and Nagar Haveli', 356);
INSERT INTO state (stateid, statename, countryid) VALUES (356008, 'Goa', 356);
INSERT INTO state (stateid, statename, countryid) VALUES (356009, 'Gujarat', 356);
INSERT INTO state (stateid, statename, countryid) VALUES (356010, 'Haryana', 356);
INSERT INTO state (stateid, statename, countryid) VALUES (356011, 'Himachal Pradesh', 356);
INSERT INTO state (stateid, statename, countryid) VALUES (356012, 'Jammu & Kashmir', 356);
INSERT INTO state (stateid, statename, countryid) VALUES (356013, 'Jharkhand', 356);
INSERT INTO state (stateid, statename, countryid) VALUES (356014, 'Karnataka', 356);
INSERT INTO state (stateid, statename, countryid) VALUES (356015, 'Kerala', 356);
INSERT INTO state (stateid, statename, countryid) VALUES (356016, 'Madhya Pradesh', 356);
INSERT INTO state (stateid, statename, countryid) VALUES (356017, 'Maharshtra', 356);
INSERT INTO state (stateid, statename, countryid) VALUES (356018, 'Manipur', 356);
INSERT INTO state (stateid, statename, countryid) VALUES (356019, 'Meghalaya', 356);
INSERT INTO state (stateid, statename, countryid) VALUES (356020, 'Mizoram', 356);
INSERT INTO state (stateid, statename, countryid) VALUES (356021, 'Nagaland', 356);
INSERT INTO state (stateid, statename, countryid) VALUES (356022, 'Odisha', 356);
INSERT INTO state (stateid, statename, countryid) VALUES (356023, 'Puducherry', 356);
INSERT INTO state (stateid, statename, countryid) VALUES (356024, 'Punjab', 356);
INSERT INTO state (stateid, statename, countryid) VALUES (356025, 'Rajasthan', 356);
INSERT INTO state (stateid, statename, countryid) VALUES (356026, 'Tamil Nadu', 356);
INSERT INTO state (stateid, statename, countryid) VALUES (356027, 'Telangana', 356);
INSERT INTO state (stateid, statename, countryid) VALUES (356028, 'Tripura', 356);
INSERT INTO state (stateid, statename, countryid) VALUES (356029, 'Uttar Pradesh', 356);
INSERT INTO state (stateid, statename, countryid) VALUES (356030, 'Uttarakhand', 356);
INSERT INTO state (stateid, statename, countryid) VALUES (356031, 'West Bengal', 356);

-- INSERT FOR place
INSERT INTO place (placeid, placename, stateid) VALUES (-1, 'undefined', -1);
INSERT INTO place (placeid, placename, stateid) VALUES (356001001, 'Port Blair', 356001);
INSERT INTO place (placeid, placename, stateid) VALUES (356002001, 'Visakhapatnam', 356002);
INSERT INTO place (placeid, placename, stateid) VALUES (356002002, 'Vijayawada', 356002);
INSERT INTO place (placeid, placename, stateid) VALUES (356002003, 'Guntur', 356002);
INSERT INTO place (placeid, placename, stateid) VALUES (356002004, 'Nellore', 356002);
INSERT INTO place (placeid, placename, stateid) VALUES (356002005, 'Kurnool', 356002);
INSERT INTO place (placeid, placename, stateid) VALUES (356002006, 'Rajahmundry', 356002);
INSERT INTO place (placeid, placename, stateid) VALUES (356002007, 'Tirupati', 356002);
INSERT INTO place (placeid, placename, stateid) VALUES (356002008, 'Kadapa', 356002);
INSERT INTO place (placeid, placename, stateid) VALUES (356002009, 'Kakinada', 356002);
INSERT INTO place (placeid, placename, stateid) VALUES (356002010, 'Anantapur', 356002);
INSERT INTO place (placeid, placename, stateid) VALUES (356002011, 'Vizianagaram', 356002);
INSERT INTO place (placeid, placename, stateid) VALUES (356002012, 'Eluru', 356002);
INSERT INTO place (placeid, placename, stateid) VALUES (356002013, 'Ongole', 356002);
INSERT INTO place (placeid, placename, stateid) VALUES (356002014, 'Nandyal', 356002);
INSERT INTO place (placeid, placename, stateid) VALUES (356002015, 'Machilipatnam', 356002);
INSERT INTO place (placeid, placename, stateid) VALUES (356002016, 'Adoni', 356002);
INSERT INTO place (placeid, placename, stateid) VALUES (356002017, 'Tenali', 356002);
INSERT INTO place (placeid, placename, stateid) VALUES (356002018, 'Proddatur', 356002);
INSERT INTO place (placeid, placename, stateid) VALUES (356002019, 'Chittoor', 356002);
INSERT INTO place (placeid, placename, stateid) VALUES (356002020, 'Hindupur', 356002);
INSERT INTO place (placeid, placename, stateid) VALUES (356002021, 'Bhimavaram', 356002);
INSERT INTO place (placeid, placename, stateid) VALUES (356002022, 'Madanapalle', 356002);
INSERT INTO place (placeid, placename, stateid) VALUES (356002023, 'Guntakal', 356002);
INSERT INTO place (placeid, placename, stateid) VALUES (356002024, 'Srikakulam', 356002);
INSERT INTO place (placeid, placename, stateid) VALUES (356002025, 'Dharmavaram', 356002);
INSERT INTO place (placeid, placename, stateid) VALUES (356002026, 'Gudivada', 356002);
INSERT INTO place (placeid, placename, stateid) VALUES (356002027, 'Narasaraopet', 356002);
INSERT INTO place (placeid, placename, stateid) VALUES (356002028, 'Tadpatri', 356002);
INSERT INTO place (placeid, placename, stateid) VALUES (356002029, 'Tadepalligudem', 356002);
INSERT INTO place (placeid, placename, stateid) VALUES (356002030, 'Amaravati ‡', 356002);
INSERT INTO place (placeid, placename, stateid) VALUES (356002031, 'Chilakaluripet', 356002);
INSERT INTO place (placeid, placename, stateid) VALUES (356003001, 'Itanagar', 356003);
INSERT INTO place (placeid, placename, stateid) VALUES (356003002, 'Naharlagun', 356003);
INSERT INTO place (placeid, placename, stateid) VALUES (356003003, 'Pasighat', 356003);
INSERT INTO place (placeid, placename, stateid) VALUES (356003004, 'Aalo (Along)', 356003);
INSERT INTO place (placeid, placename, stateid) VALUES (356003005, 'Seppa', 356003);
INSERT INTO place (placeid, placename, stateid) VALUES (356003006, 'Tezu', 356003);
INSERT INTO place (placeid, placename, stateid) VALUES (356003007, 'Namsai', 356003);
INSERT INTO place (placeid, placename, stateid) VALUES (356003008, 'Daporijo', 356003);
INSERT INTO place (placeid, placename, stateid) VALUES (356003009, 'Ziro', 356003);
INSERT INTO place (placeid, placename, stateid) VALUES (356003010, 'Roing', 356003);
INSERT INTO place (placeid, placename, stateid) VALUES (356004001, 'Guwahati', 356004);
INSERT INTO place (placeid, placename, stateid) VALUES (356004002, 'Silchar', 356004);
INSERT INTO place (placeid, placename, stateid) VALUES (356004003, 'Jorhat', 356004);
INSERT INTO place (placeid, placename, stateid) VALUES (356004004, 'Dibrugarh', 356004);
INSERT INTO place (placeid, placename, stateid) VALUES (356004005, 'Nagaon', 356004);
INSERT INTO place (placeid, placename, stateid) VALUES (356004006, 'Tinsukia Town', 356004);
INSERT INTO place (placeid, placename, stateid) VALUES (356004007, 'Dhubri', 356004);
INSERT INTO place (placeid, placename, stateid) VALUES (356004008, 'Bongaigaon', 356004);
INSERT INTO place (placeid, placename, stateid) VALUES (356004009, 'Tezpur', 356004);
INSERT INTO place (placeid, placename, stateid) VALUES (356005001, 'Patna', 356005);
INSERT INTO place (placeid, placename, stateid) VALUES (356005002, 'Gaya', 356005);
INSERT INTO place (placeid, placename, stateid) VALUES (356005003, 'Bhagalpur', 356005);
INSERT INTO place (placeid, placename, stateid) VALUES (356005004, 'Muzaffarpur', 356005);
INSERT INTO place (placeid, placename, stateid) VALUES (356005005, 'Purnia', 356005);
INSERT INTO place (placeid, placename, stateid) VALUES (356005006, 'Darbhanga', 356005);
INSERT INTO place (placeid, placename, stateid) VALUES (356005007, 'Bihar Sharif', 356005);
INSERT INTO place (placeid, placename, stateid) VALUES (356005008, 'Arrah', 356005);
INSERT INTO place (placeid, placename, stateid) VALUES (356005009, 'Begusarai', 356005);
INSERT INTO place (placeid, placename, stateid) VALUES (356005010, 'Katihar', 356005);
INSERT INTO place (placeid, placename, stateid) VALUES (356005011, 'Munger', 356005);
INSERT INTO place (placeid, placename, stateid) VALUES (356005012, 'Chhapra', 356005);
INSERT INTO place (placeid, placename, stateid) VALUES (356005013, 'Bettiah', 356005);
INSERT INTO place (placeid, placename, stateid) VALUES (356005014, 'Saharsa', 356005);
INSERT INTO place (placeid, placename, stateid) VALUES (356005015, 'Sasaram', 356005);
INSERT INTO place (placeid, placename, stateid) VALUES (356005016, 'Hajipur', 356005);
INSERT INTO place (placeid, placename, stateid) VALUES (356005017, 'Dehri', 356005);
INSERT INTO place (placeid, placename, stateid) VALUES (356005018, 'Siwan', 356005);
INSERT INTO place (placeid, placename, stateid) VALUES (356005019, 'Motihari', 356005);
INSERT INTO place (placeid, placename, stateid) VALUES (356005020, 'Nawada', 356005);
INSERT INTO place (placeid, placename, stateid) VALUES (356005021, 'Bagaha', 356005);
INSERT INTO place (placeid, placename, stateid) VALUES (356005022, 'Buxar', 356005);
INSERT INTO place (placeid, placename, stateid) VALUES (356005023, 'Kishanganj', 356005);
INSERT INTO place (placeid, placename, stateid) VALUES (356005024, 'Sitamarhi', 356005);
INSERT INTO place (placeid, placename, stateid) VALUES (356005025, 'Jamalpur', 356005);
INSERT INTO place (placeid, placename, stateid) VALUES (356005026, 'Jehanabad', 356005);
INSERT INTO place (placeid, placename, stateid) VALUES (356005027, 'Aurangabad', 356005);
INSERT INTO place (placeid, placename, stateid) VALUES (356006001, 'Raipur', 356006);
INSERT INTO place (placeid, placename, stateid) VALUES (356006002, 'Durg - Bhilai', 356006);
INSERT INTO place (placeid, placename, stateid) VALUES (356006003, 'Bilaspur', 356006);
INSERT INTO place (placeid, placename, stateid) VALUES (356006004, 'Korba', 356006);
INSERT INTO place (placeid, placename, stateid) VALUES (356006005, 'Rajnandgaon', 356006);
INSERT INTO place (placeid, placename, stateid) VALUES (356006006, 'Raigarh', 356006);
INSERT INTO place (placeid, placename, stateid) VALUES (356006007, 'Jagdalpur', 356006);
INSERT INTO place (placeid, placename, stateid) VALUES (356006008, 'Ambikapur', 356006);
INSERT INTO place (placeid, placename, stateid) VALUES (356006009, 'Chirmiri', 356006);
INSERT INTO place (placeid, placename, stateid) VALUES (356006010, 'Pakhanjore', 356006);
INSERT INTO place (placeid, placename, stateid) VALUES (356006011, 'Dhamtari', 356006);
INSERT INTO place (placeid, placename, stateid) VALUES (356006012, 'Mahasamund', 356006);
INSERT INTO place (placeid, placename, stateid) VALUES (356007001, 'Dadra', 356007);
INSERT INTO place (placeid, placename, stateid) VALUES (356007002, 'Masat', 356007);
INSERT INTO place (placeid, placename, stateid) VALUES (356007003, 'Naroli', 356007);
INSERT INTO place (placeid, placename, stateid) VALUES (356007004, 'Rakholi', 356007);
INSERT INTO place (placeid, placename, stateid) VALUES (356007005, 'Samarvarni', 356007);
INSERT INTO place (placeid, placename, stateid) VALUES (356007006, 'Silvassa (incl. Amli)', 356007);
INSERT INTO place (placeid, placename, stateid) VALUES (356008001, 'Panaji (Panjim, Pangim)', 356008);
INSERT INTO place (placeid, placename, stateid) VALUES (356008002, 'Madgaon (Margao)', 356008);
INSERT INTO place (placeid, placename, stateid) VALUES (356008003, 'Mormugao (Marmagao, Mormugao)', 356008);
INSERT INTO place (placeid, placename, stateid) VALUES (356008004, 'Mapuca (Mapusa)', 356008);
INSERT INTO place (placeid, placename, stateid) VALUES (356008005, 'Curchorem Cacora', 356008);
INSERT INTO place (placeid, placename, stateid) VALUES (356008006, 'Ponda', 356008);
INSERT INTO place (placeid, placename, stateid) VALUES (356008007, 'Sancoale', 356008);
INSERT INTO place (placeid, placename, stateid) VALUES (356009001, 'Ahmedabad', 356009);
INSERT INTO place (placeid, placename, stateid) VALUES (356009002, 'Surat', 356009);
INSERT INTO place (placeid, placename, stateid) VALUES (356009003, 'Vadodara', 356009);
INSERT INTO place (placeid, placename, stateid) VALUES (356009004, 'Rajkot', 356009);
INSERT INTO place (placeid, placename, stateid) VALUES (356009005, 'Bhavnagar', 356009);
INSERT INTO place (placeid, placename, stateid) VALUES (356009006, 'Jamnagar', 356009);
INSERT INTO place (placeid, placename, stateid) VALUES (356009007, 'Junagadh', 356009);
INSERT INTO place (placeid, placename, stateid) VALUES (356009008, 'Gandhidham', 356009);
INSERT INTO place (placeid, placename, stateid) VALUES (356009009, 'Nadiad', 356009);
INSERT INTO place (placeid, placename, stateid) VALUES (356009010, 'Gandhinagar', 356009);
INSERT INTO place (placeid, placename, stateid) VALUES (356009011, 'Anand', 356009);
INSERT INTO place (placeid, placename, stateid) VALUES (356009012, 'Morbi', 356009);
INSERT INTO place (placeid, placename, stateid) VALUES (356009013, 'Surendranagar', 356009);
INSERT INTO place (placeid, placename, stateid) VALUES (356009014, 'Bharuch', 356009);
INSERT INTO place (placeid, placename, stateid) VALUES (356009015, 'Vapi', 356009);
INSERT INTO place (placeid, placename, stateid) VALUES (356009016, 'Navsari', 356009);
INSERT INTO place (placeid, placename, stateid) VALUES (356009017, 'Veraval', 356009);
INSERT INTO place (placeid, placename, stateid) VALUES (356009018, 'Porbandar', 356009);
INSERT INTO place (placeid, placename, stateid) VALUES (356009019, 'Godhra', 356009);
INSERT INTO place (placeid, placename, stateid) VALUES (356009020, 'Bhuj', 356009);
INSERT INTO place (placeid, placename, stateid) VALUES (356009021, 'Ankleshvar', 356009);
INSERT INTO place (placeid, placename, stateid) VALUES (356009022, 'Botad', 356009);
INSERT INTO place (placeid, placename, stateid) VALUES (356009023, 'Palanpur', 356009);
INSERT INTO place (placeid, placename, stateid) VALUES (356009024, 'Patan', 356009);
INSERT INTO place (placeid, placename, stateid) VALUES (356009025, 'Dahod', 356009);
INSERT INTO place (placeid, placename, stateid) VALUES (356009026, 'Jetpur', 356009);
INSERT INTO place (placeid, placename, stateid) VALUES (356009027, 'Valsad', 356009);
INSERT INTO place (placeid, placename, stateid) VALUES (356009028, 'Kalol', 356009);
INSERT INTO place (placeid, placename, stateid) VALUES (356009029, 'Gondal', 356009);
INSERT INTO place (placeid, placename, stateid) VALUES (356009030, 'Amreli', 356009);
INSERT INTO place (placeid, placename, stateid) VALUES (356010001, 'Faridabad (New Township)', 356010);
INSERT INTO place (placeid, placename, stateid) VALUES (356010002, 'Gurgaon', 356010);
INSERT INTO place (placeid, placename, stateid) VALUES (356010003, 'Panipat', 356010);
INSERT INTO place (placeid, placename, stateid) VALUES (356010004, 'Yamunanagar', 356010);
INSERT INTO place (placeid, placename, stateid) VALUES (356010005, 'Rohtak', 356010);
INSERT INTO place (placeid, placename, stateid) VALUES (356010006, 'Hisar', 356010);
INSERT INTO place (placeid, placename, stateid) VALUES (356010007, 'Karnal', 356010);
INSERT INTO place (placeid, placename, stateid) VALUES (356010008, 'Sonipat', 356010);
INSERT INTO place (placeid, placename, stateid) VALUES (356010009, 'Panchkula (Urban Estate)', 356010);
INSERT INTO place (placeid, placename, stateid) VALUES (356010010, 'Ambala Sadar', 356010);
INSERT INTO place (placeid, placename, stateid) VALUES (356010011, 'Bhiwani', 356010);
INSERT INTO place (placeid, placename, stateid) VALUES (356010012, 'Ambala', 356010);
INSERT INTO place (placeid, placename, stateid) VALUES (356010013, 'Sirsa', 356010);
INSERT INTO place (placeid, placename, stateid) VALUES (356010014, 'Bahadurgarh', 356010);
INSERT INTO place (placeid, placename, stateid) VALUES (356010015, 'Jind', 356010);
INSERT INTO place (placeid, placename, stateid) VALUES (356010016, 'Thanesar', 356010);
INSERT INTO place (placeid, placename, stateid) VALUES (356010017, 'Kaithal', 356010);
INSERT INTO place (placeid, placename, stateid) VALUES (356010018, 'Rewari', 356010);
INSERT INTO place (placeid, placename, stateid) VALUES (356010019, 'Palwal', 356010);
INSERT INTO place (placeid, placename, stateid) VALUES (356011001, 'Shimla (Simla)', 356011);
INSERT INTO place (placeid, placename, stateid) VALUES (356011002, 'Solan', 356011);
INSERT INTO place (placeid, placename, stateid) VALUES (356011003, 'Dharmsala (Dharamsala)', 356011);
INSERT INTO place (placeid, placename, stateid) VALUES (356011004, 'Baddi', 356011);
INSERT INTO place (placeid, placename, stateid) VALUES (356011005, 'Nahan', 356011);
INSERT INTO place (placeid, placename, stateid) VALUES (356011006, 'Mandi', 356011);
INSERT INTO place (placeid, placename, stateid) VALUES (356011007, 'Paonta Sahib', 356011);
INSERT INTO place (placeid, placename, stateid) VALUES (356011008, 'Sundarnagar', 356011);
INSERT INTO place (placeid, placename, stateid) VALUES (356011009, 'Chamba', 356011);
INSERT INTO place (placeid, placename, stateid) VALUES (356011010, 'Kullu', 356011);
INSERT INTO place (placeid, placename, stateid) VALUES (356012001, 'Srinagar (Srinagar)', 356012);
INSERT INTO place (placeid, placename, stateid) VALUES (356012002, 'Jammu', 356012);
INSERT INTO place (placeid, placename, stateid) VALUES (356012003, 'Anantnag', 356012);
INSERT INTO place (placeid, placename, stateid) VALUES (356013001, 'Jamshedpur', 356013);
INSERT INTO place (placeid, placename, stateid) VALUES (356013002, 'Dhanbad', 356013);
INSERT INTO place (placeid, placename, stateid) VALUES (356013003, 'Ranchi', 356013);
INSERT INTO place (placeid, placename, stateid) VALUES (356013004, 'Bokaro Steel City', 356013);
INSERT INTO place (placeid, placename, stateid) VALUES (356013005, 'Deoghar', 356013);
INSERT INTO place (placeid, placename, stateid) VALUES (356013006, 'Phusro', 356013);
INSERT INTO place (placeid, placename, stateid) VALUES (356013007, 'Hazaribagh', 356013);
INSERT INTO place (placeid, placename, stateid) VALUES (356013008, 'Giridih', 356013);
INSERT INTO place (placeid, placename, stateid) VALUES (356013009, 'Ramgarh', 356013);
INSERT INTO place (placeid, placename, stateid) VALUES (356013010, 'Medininagar', 356013);
INSERT INTO place (placeid, placename, stateid) VALUES (356013011, 'Chirkunda', 356013);
INSERT INTO place (placeid, placename, stateid) VALUES (356014001, 'Bengaluru', 356014);
INSERT INTO place (placeid, placename, stateid) VALUES (356014002, 'Mysore', 356014);
INSERT INTO place (placeid, placename, stateid) VALUES (356014003, 'Hubli-Dharwar', 356014);
INSERT INTO place (placeid, placename, stateid) VALUES (356014004, 'Mangalore', 356014);
INSERT INTO place (placeid, placename, stateid) VALUES (356014005, 'Belgaum', 356014);
INSERT INTO place (placeid, placename, stateid) VALUES (356014006, 'Gulbarga', 356014);
INSERT INTO place (placeid, placename, stateid) VALUES (356014007, 'Davanagere', 356014);
INSERT INTO place (placeid, placename, stateid) VALUES (356014008, 'Bellary', 356014);
INSERT INTO place (placeid, placename, stateid) VALUES (356014009, 'Bijapur', 356014);
INSERT INTO place (placeid, placename, stateid) VALUES (356014010, 'Shimoga', 356014);
INSERT INTO place (placeid, placename, stateid) VALUES (356014011, 'Tumkur', 356014);
INSERT INTO place (placeid, placename, stateid) VALUES (356014012, 'Raichur', 356014);
INSERT INTO place (placeid, placename, stateid) VALUES (356014013, 'Bidar', 356014);
INSERT INTO place (placeid, placename, stateid) VALUES (356014014, 'Hospet', 356014);
INSERT INTO place (placeid, placename, stateid) VALUES (356014015, 'Hassan', 356014);
INSERT INTO place (placeid, placename, stateid) VALUES (356014016, 'Gadag-Betigeri', 356014);
INSERT INTO place (placeid, placename, stateid) VALUES (356014017, 'Udupi', 356014);
INSERT INTO place (placeid, placename, stateid) VALUES (356014018, 'Robertson Pet', 356014);
INSERT INTO place (placeid, placename, stateid) VALUES (356014019, 'Bhadravati', 356014);
INSERT INTO place (placeid, placename, stateid) VALUES (356014020, 'Chitradurga', 356014);
INSERT INTO place (placeid, placename, stateid) VALUES (356014021, 'Kolar', 356014);
INSERT INTO place (placeid, placename, stateid) VALUES (356014022, 'Mandya', 356014);
INSERT INTO place (placeid, placename, stateid) VALUES (356014023, 'Chikmagalur', 356014);
INSERT INTO place (placeid, placename, stateid) VALUES (356014024, 'Gangawati', 356014);
INSERT INTO place (placeid, placename, stateid) VALUES (356014025, 'Bagalkot', 356014);
INSERT INTO place (placeid, placename, stateid) VALUES (356015001, 'Thiruvananthapuram', 356015);
INSERT INTO place (placeid, placename, stateid) VALUES (356015002, 'Kochi', 356015);
INSERT INTO place (placeid, placename, stateid) VALUES (356015003, 'Kozhikode', 356015);
INSERT INTO place (placeid, placename, stateid) VALUES (356015004, 'Kollam', 356015);
INSERT INTO place (placeid, placename, stateid) VALUES (356015005, 'Thrissur', 356015);
INSERT INTO place (placeid, placename, stateid) VALUES (356015006, 'Alappuzha', 356015);
INSERT INTO place (placeid, placename, stateid) VALUES (356015007, 'Palakkad', 356015);
INSERT INTO place (placeid, placename, stateid) VALUES (356015008, 'Malappuram', 356015);
INSERT INTO place (placeid, placename, stateid) VALUES (356015009, 'Manjeri', 356015);
INSERT INTO place (placeid, placename, stateid) VALUES (356015010, 'Thalassery', 356015);
INSERT INTO place (placeid, placename, stateid) VALUES (356015011, 'Ponnani', 356015);
INSERT INTO place (placeid, placename, stateid) VALUES (356015012, 'Vadakara', 356015);
INSERT INTO place (placeid, placename, stateid) VALUES (356015013, 'Kanhangad', 356015);
INSERT INTO place (placeid, placename, stateid) VALUES (356015014, 'Taliparamba', 356015);
INSERT INTO place (placeid, placename, stateid) VALUES (356015015, 'Payyanur', 356015);
INSERT INTO place (placeid, placename, stateid) VALUES (356015016, 'Koyilandy', 356015);
INSERT INTO place (placeid, placename, stateid) VALUES (356015017, 'Neyyattinkara', 356015);
INSERT INTO place (placeid, placename, stateid) VALUES (356015018, 'Beypore', 356015);
INSERT INTO place (placeid, placename, stateid) VALUES (356015019, 'Kayamkulam', 356015);
INSERT INTO place (placeid, placename, stateid) VALUES (356015020, 'Kannur', 356015);
INSERT INTO place (placeid, placename, stateid) VALUES (356015021, 'Tirurangadi', 356015);
INSERT INTO place (placeid, placename, stateid) VALUES (356015022, 'Tirur', 356015);
INSERT INTO place (placeid, placename, stateid) VALUES (356015023, 'Kottayam', 356015);
INSERT INTO place (placeid, placename, stateid) VALUES (356015024, 'Kasaragod', 356015);
INSERT INTO place (placeid, placename, stateid) VALUES (356015025, 'Kunnamkulam', 356015);
INSERT INTO place (placeid, placename, stateid) VALUES (356015026, 'Ottappalam', 356015);
INSERT INTO place (placeid, placename, stateid) VALUES (356015027, 'Tiruvalla', 356015);
INSERT INTO place (placeid, placename, stateid) VALUES (356015028, 'Thodupuzha', 356015);
INSERT INTO place (placeid, placename, stateid) VALUES (356015029, 'Perinthalmanna', 356015);
INSERT INTO place (placeid, placename, stateid) VALUES (356015030, 'Chalakkudy', 356015);
INSERT INTO place (placeid, placename, stateid) VALUES (356015031, 'Mattanur', 356015);
INSERT INTO place (placeid, placename, stateid) VALUES (356016001, 'Indore', 356016);
INSERT INTO place (placeid, placename, stateid) VALUES (356016002, 'Bhopal', 356016);
INSERT INTO place (placeid, placename, stateid) VALUES (356016003, 'Jabalpur', 356016);
INSERT INTO place (placeid, placename, stateid) VALUES (356016004, 'Gwalior', 356016);
INSERT INTO place (placeid, placename, stateid) VALUES (356016005, 'Ujjain', 356016);
INSERT INTO place (placeid, placename, stateid) VALUES (356016006, 'Sagar', 356016);
INSERT INTO place (placeid, placename, stateid) VALUES (356016007, 'Dewas', 356016);
INSERT INTO place (placeid, placename, stateid) VALUES (356016008, 'Satna', 356016);
INSERT INTO place (placeid, placename, stateid) VALUES (356016009, 'Ratlam', 356016);
INSERT INTO place (placeid, placename, stateid) VALUES (356016010, 'Rewa', 356016);
INSERT INTO place (placeid, placename, stateid) VALUES (356016011, 'Murwara (Katni)', 356016);
INSERT INTO place (placeid, placename, stateid) VALUES (356016012, 'Singrauli', 356016);
INSERT INTO place (placeid, placename, stateid) VALUES (356016013, 'Burhanpur', 356016);
INSERT INTO place (placeid, placename, stateid) VALUES (356016014, 'Khandwa', 356016);
INSERT INTO place (placeid, placename, stateid) VALUES (356016015, 'Morena', 356016);
INSERT INTO place (placeid, placename, stateid) VALUES (356016016, 'Bhind', 356016);
INSERT INTO place (placeid, placename, stateid) VALUES (356016017, 'Chhindwara', 356016);
INSERT INTO place (placeid, placename, stateid) VALUES (356016018, 'Guna', 356016);
INSERT INTO place (placeid, placename, stateid) VALUES (356016019, 'Shivpuri', 356016);
INSERT INTO place (placeid, placename, stateid) VALUES (356016020, 'Vidisha', 356016);
INSERT INTO place (placeid, placename, stateid) VALUES (356016021, 'Chhatarpur', 356016);
INSERT INTO place (placeid, placename, stateid) VALUES (356016022, 'Damoh', 356016);
INSERT INTO place (placeid, placename, stateid) VALUES (356016023, 'Mandsaur', 356016);
INSERT INTO place (placeid, placename, stateid) VALUES (356016024, 'Khargone', 356016);
INSERT INTO place (placeid, placename, stateid) VALUES (356016025, 'Neemuch', 356016);
INSERT INTO place (placeid, placename, stateid) VALUES (356016026, 'Pithampur', 356016);
INSERT INTO place (placeid, placename, stateid) VALUES (356016027, 'Hoshangabad', 356016);
INSERT INTO place (placeid, placename, stateid) VALUES (356016028, 'Itarsi', 356016);
INSERT INTO place (placeid, placename, stateid) VALUES (356016029, 'Sehore', 356016);
INSERT INTO place (placeid, placename, stateid) VALUES (356016030, 'Betul', 356016);
INSERT INTO place (placeid, placename, stateid) VALUES (356016031, 'Seoni', 356016);
INSERT INTO place (placeid, placename, stateid) VALUES (356016032, 'Datia', 356016);
INSERT INTO place (placeid, placename, stateid) VALUES (356016033, 'Nagda', 356016);
INSERT INTO place (placeid, placename, stateid) VALUES (356017001, 'Mumbai', 356017);
INSERT INTO place (placeid, placename, stateid) VALUES (356017002, 'Pune', 356017);
INSERT INTO place (placeid, placename, stateid) VALUES (356017003, 'Nagpur', 356017);
INSERT INTO place (placeid, placename, stateid) VALUES (356017004, 'Thane', 356017);
INSERT INTO place (placeid, placename, stateid) VALUES (356017005, 'Nashik', 356017);
INSERT INTO place (placeid, placename, stateid) VALUES (356017006, 'Pimpri Chinchwad', 356017);
INSERT INTO place (placeid, placename, stateid) VALUES (356017007, 'Kalyan-Dombivali', 356017);
INSERT INTO place (placeid, placename, stateid) VALUES (356017008, 'Vasai-Virar', 356017);
INSERT INTO place (placeid, placename, stateid) VALUES (356017009, 'Aurangabad', 356017);
INSERT INTO place (placeid, placename, stateid) VALUES (356017010, 'Navi Mumbai', 356017);
INSERT INTO place (placeid, placename, stateid) VALUES (356017011, 'Solapur', 356017);
INSERT INTO place (placeid, placename, stateid) VALUES (356017012, 'Bhiwandi', 356017);
INSERT INTO place (placeid, placename, stateid) VALUES (356017013, 'Amravati', 356017);
INSERT INTO place (placeid, placename, stateid) VALUES (356017014, 'Nanded', 356017);
INSERT INTO place (placeid, placename, stateid) VALUES (356017015, 'Kolhapur', 356017);
INSERT INTO place (placeid, placename, stateid) VALUES (356017016, 'Sangli', 356017);
INSERT INTO place (placeid, placename, stateid) VALUES (356017017, 'Jalgaon', 356017);
INSERT INTO place (placeid, placename, stateid) VALUES (356017018, 'Akola', 356017);
INSERT INTO place (placeid, placename, stateid) VALUES (356017019, 'Latur', 356017);
INSERT INTO place (placeid, placename, stateid) VALUES (356017020, 'Malegaon', 356017);
INSERT INTO place (placeid, placename, stateid) VALUES (356017021, 'Dhule', 356017);
INSERT INTO place (placeid, placename, stateid) VALUES (356017022, 'Ahmednagar', 356017);
INSERT INTO place (placeid, placename, stateid) VALUES (356017023, 'Chandrapur', 356017);
INSERT INTO place (placeid, placename, stateid) VALUES (356017024, 'Parbhani', 356017);
INSERT INTO place (placeid, placename, stateid) VALUES (356018001, 'Lilong', 356018);
INSERT INTO place (placeid, placename, stateid) VALUES (356018002, 'Imphal', 356018);
INSERT INTO place (placeid, placename, stateid) VALUES (356018003, 'Buri Bazar', 356018);
INSERT INTO place (placeid, placename, stateid) VALUES (356018004, 'Mayang Imphal', 356018);
INSERT INTO place (placeid, placename, stateid) VALUES (356018005, 'Thoubal', 356018);
INSERT INTO place (placeid, placename, stateid) VALUES (356019001, 'Nongstoin', 356019);
INSERT INTO place (placeid, placename, stateid) VALUES (356019002, 'Shillong', 356019);
INSERT INTO place (placeid, placename, stateid) VALUES (356019003, 'Mawlai', 356019);
INSERT INTO place (placeid, placename, stateid) VALUES (356019004, 'Ningthymmai', 356019);
INSERT INTO place (placeid, placename, stateid) VALUES (356019005, 'Jowai', 356019);
INSERT INTO place (placeid, placename, stateid) VALUES (356019006, 'Pynthorumkhrah', 356019);
INSERT INTO place (placeid, placename, stateid) VALUES (356019007, 'Nongstion', 356019);
INSERT INTO place (placeid, placename, stateid) VALUES (356019008, 'Tura', 356019);
INSERT INTO place (placeid, placename, stateid) VALUES (356020001, 'Lunglei', 356020);
INSERT INTO place (placeid, placename, stateid) VALUES (356020002, 'Aizwal', 356020);
INSERT INTO place (placeid, placename, stateid) VALUES (356020003, 'Champai', 356020);
INSERT INTO place (placeid, placename, stateid) VALUES (356020004, 'Serchhip', 356020);
INSERT INTO place (placeid, placename, stateid) VALUES (356020005, 'Kolasib', 356020);
INSERT INTO place (placeid, placename, stateid) VALUES (356020006, 'Saiha', 356020);
INSERT INTO place (placeid, placename, stateid) VALUES (356021001, 'Kohima*', 356021);
INSERT INTO place (placeid, placename, stateid) VALUES (356021002, 'Dimapur', 356021);
INSERT INTO place (placeid, placename, stateid) VALUES (356021003, 'Mokokchung', 356021);
INSERT INTO place (placeid, placename, stateid) VALUES (356021004, 'Tuensang', 356021);
INSERT INTO place (placeid, placename, stateid) VALUES (356021005, 'Wokha', 356021);
INSERT INTO place (placeid, placename, stateid) VALUES (356021006, 'Zunheboto', 356021);
INSERT INTO place (placeid, placename, stateid) VALUES (356022001, 'Bhubaneshwar', 356022);
INSERT INTO place (placeid, placename, stateid) VALUES (356022002, 'Cuttack', 356022);
INSERT INTO place (placeid, placename, stateid) VALUES (356022003, 'Rourkela', 356022);
INSERT INTO place (placeid, placename, stateid) VALUES (356022004, 'Brahmapur', 356022);
INSERT INTO place (placeid, placename, stateid) VALUES (356022005, 'Sambalpur', 356022);
INSERT INTO place (placeid, placename, stateid) VALUES (356022006, 'Puri', 356022);
INSERT INTO place (placeid, placename, stateid) VALUES (356022007, 'Balasore', 356022);
INSERT INTO place (placeid, placename, stateid) VALUES (356022008, 'Bhadrak', 356022);
INSERT INTO place (placeid, placename, stateid) VALUES (356022009, 'Baripada', 356022);
INSERT INTO place (placeid, placename, stateid) VALUES (356023001, 'Karaikal', 356023);
INSERT INTO place (placeid, placename, stateid) VALUES (356023002, 'Mahe', 356023);
INSERT INTO place (placeid, placename, stateid) VALUES (356023003, 'Puducherry', 356023);
INSERT INTO place (placeid, placename, stateid) VALUES (356023004, 'Yanam', 356023);
INSERT INTO place (placeid, placename, stateid) VALUES (356024001, 'Ludhiana', 356024);
INSERT INTO place (placeid, placename, stateid) VALUES (356024002, 'Amritsar', 356024);
INSERT INTO place (placeid, placename, stateid) VALUES (356024003, 'Jalandhar', 356024);
INSERT INTO place (placeid, placename, stateid) VALUES (356024004, 'Patiala', 356024);
INSERT INTO place (placeid, placename, stateid) VALUES (356024005, 'Bathinda', 356024);
INSERT INTO place (placeid, placename, stateid) VALUES (356024006, 'Ajitgarh', 356024);
INSERT INTO place (placeid, placename, stateid) VALUES (356024007, 'Hoshiarpur', 356024);
INSERT INTO place (placeid, placename, stateid) VALUES (356024008, 'Batala', 356024);
INSERT INTO place (placeid, placename, stateid) VALUES (356024009, 'Pathankot', 356024);
INSERT INTO place (placeid, placename, stateid) VALUES (356024010, 'Moga', 356024);
INSERT INTO place (placeid, placename, stateid) VALUES (356024011, 'Abohar', 356024);
INSERT INTO place (placeid, placename, stateid) VALUES (356024012, 'Malerkotla', 356024);
INSERT INTO place (placeid, placename, stateid) VALUES (356024013, 'Khanna', 356024);
INSERT INTO place (placeid, placename, stateid) VALUES (356024014, 'Phagwara', 356024);
INSERT INTO place (placeid, placename, stateid) VALUES (356024015, 'Muktasar', 356024);
INSERT INTO place (placeid, placename, stateid) VALUES (356024016, 'Barnala', 356024);
INSERT INTO place (placeid, placename, stateid) VALUES (356024017, 'Rajpura', 356024);
INSERT INTO place (placeid, placename, stateid) VALUES (356024018, 'Firozpur', 356024);
INSERT INTO place (placeid, placename, stateid) VALUES (356024019, 'Kapurthala', 356024);
INSERT INTO place (placeid, placename, stateid) VALUES (356025001, 'Jaipur', 356025);
INSERT INTO place (placeid, placename, stateid) VALUES (356025002, 'Jodhpur', 356025);
INSERT INTO place (placeid, placename, stateid) VALUES (356025003, 'Kota', 356025);
INSERT INTO place (placeid, placename, stateid) VALUES (356025004, 'Bikaner', 356025);
INSERT INTO place (placeid, placename, stateid) VALUES (356025005, 'Ajmer', 356025);
INSERT INTO place (placeid, placename, stateid) VALUES (356025006, 'Udaipur', 356025);
INSERT INTO place (placeid, placename, stateid) VALUES (356025007, 'Bhilwara', 356025);
INSERT INTO place (placeid, placename, stateid) VALUES (356025008, 'Alwar', 356025);
INSERT INTO place (placeid, placename, stateid) VALUES (356025009, 'Bharatpur', 356025);
INSERT INTO place (placeid, placename, stateid) VALUES (356025010, 'Gangapur City', 356025);
INSERT INTO place (placeid, placename, stateid) VALUES (356025011, 'Hindaun City', 356025);
INSERT INTO place (placeid, placename, stateid) VALUES (356025012, 'Sawai Madhopur', 356025);
INSERT INTO place (placeid, placename, stateid) VALUES (356026001, 'Chennai', 356026);
INSERT INTO place (placeid, placename, stateid) VALUES (356026002, 'Coimbatore', 356026);
INSERT INTO place (placeid, placename, stateid) VALUES (356026003, 'Madurai', 356026);
INSERT INTO place (placeid, placename, stateid) VALUES (356026004, 'Tiruchirappalli', 356026);
INSERT INTO place (placeid, placename, stateid) VALUES (356026005, 'Tiruppur', 356026);
INSERT INTO place (placeid, placename, stateid) VALUES (356026006, 'Salem', 356026);
INSERT INTO place (placeid, placename, stateid) VALUES (356026007, 'Erode', 356026);
INSERT INTO place (placeid, placename, stateid) VALUES (356026008, 'Tirunelveli', 356026);
INSERT INTO place (placeid, placename, stateid) VALUES (356026009, 'Ambattur', 356026);
INSERT INTO place (placeid, placename, stateid) VALUES (356026010, 'Avadi', 356026);
INSERT INTO place (placeid, placename, stateid) VALUES (356026011, 'Tiruvottiyur', 356026);
INSERT INTO place (placeid, placename, stateid) VALUES (356026012, 'Thoothukudi', 356026);
INSERT INTO place (placeid, placename, stateid) VALUES (356026013, 'Nagercoil', 356026);
INSERT INTO place (placeid, placename, stateid) VALUES (356026014, 'Thanjavur', 356026);
INSERT INTO place (placeid, placename, stateid) VALUES (356026015, 'Pallavapuram', 356026);
INSERT INTO place (placeid, placename, stateid) VALUES (356026016, 'Dindigul', 356026);
INSERT INTO place (placeid, placename, stateid) VALUES (356026017, 'Vellore', 356026);
INSERT INTO place (placeid, placename, stateid) VALUES (356026018, 'Tambaram', 356026);
INSERT INTO place (placeid, placename, stateid) VALUES (356026019, 'Cuddalore', 356026);
INSERT INTO place (placeid, placename, stateid) VALUES (356026020, 'Alandur', 356026);
INSERT INTO place (placeid, placename, stateid) VALUES (356026021, 'Kancheepuram', 356026);
INSERT INTO place (placeid, placename, stateid) VALUES (356026022, 'Thiruvannamalai', 356026);
INSERT INTO place (placeid, placename, stateid) VALUES (356026023, 'Kumbakonam', 356026);
INSERT INTO place (placeid, placename, stateid) VALUES (356026024, 'Rajapalayam', 356026);
INSERT INTO place (placeid, placename, stateid) VALUES (356026025, 'Kurichi', 356026);
INSERT INTO place (placeid, placename, stateid) VALUES (356026026, 'Madhavaram', 356026);
INSERT INTO place (placeid, placename, stateid) VALUES (356026027, 'Pudukkottai', 356026);
INSERT INTO place (placeid, placename, stateid) VALUES (356026028, 'Hosur', 356026);
INSERT INTO place (placeid, placename, stateid) VALUES (356026029, 'Ambur', 356026);
INSERT INTO place (placeid, placename, stateid) VALUES (356026030, 'Karaikudi', 356026);
INSERT INTO place (placeid, placename, stateid) VALUES (356026031, 'Nagapattinam', 356026);
INSERT INTO place (placeid, placename, stateid) VALUES (356027001, 'Hyderabad', 356027);
INSERT INTO place (placeid, placename, stateid) VALUES (356027002, 'Warangal', 356027);
INSERT INTO place (placeid, placename, stateid) VALUES (356027003, 'Nizamabad', 356027);
INSERT INTO place (placeid, placename, stateid) VALUES (356027004, 'Karimnagar', 356027);
INSERT INTO place (placeid, placename, stateid) VALUES (356027005, 'Ramagundam', 356027);
INSERT INTO place (placeid, placename, stateid) VALUES (356027006, 'Khammam', 356027);
INSERT INTO place (placeid, placename, stateid) VALUES (356027007, 'Mahbubnagar', 356027);
INSERT INTO place (placeid, placename, stateid) VALUES (356027008, 'Nalgonda', 356027);
INSERT INTO place (placeid, placename, stateid) VALUES (356027009, 'Adilabad', 356027);
INSERT INTO place (placeid, placename, stateid) VALUES (356027010, 'Siddipet', 356027);
INSERT INTO place (placeid, placename, stateid) VALUES (356027011, 'Suryapet', 356027);
INSERT INTO place (placeid, placename, stateid) VALUES (356027012, 'Miryalaguda', 356027);
INSERT INTO place (placeid, placename, stateid) VALUES (356028001, 'Belonia', 356028);
INSERT INTO place (placeid, placename, stateid) VALUES (356028002, 'Agartala', 356028);
INSERT INTO place (placeid, placename, stateid) VALUES (356028003, 'Teliamura', 356028);
INSERT INTO place (placeid, placename, stateid) VALUES (356028004, 'Dharmanagar', 356028);
INSERT INTO place (placeid, placename, stateid) VALUES (356028005, 'Kailasahar', 356028);
INSERT INTO place (placeid, placename, stateid) VALUES (356028006, 'Khowai', 356028);
INSERT INTO place (placeid, placename, stateid) VALUES (356029001, 'Kanpur', 356029);
INSERT INTO place (placeid, placename, stateid) VALUES (356029002, 'Lucknow', 356029);
INSERT INTO place (placeid, placename, stateid) VALUES (356029003, 'Ghaziabad', 356029);
INSERT INTO place (placeid, placename, stateid) VALUES (356029004, 'Agra', 356029);
INSERT INTO place (placeid, placename, stateid) VALUES (356029005, 'Varanasi', 356029);
INSERT INTO place (placeid, placename, stateid) VALUES (356029006, 'Meerut', 356029);
INSERT INTO place (placeid, placename, stateid) VALUES (356029007, 'Allahabad', 356029);
INSERT INTO place (placeid, placename, stateid) VALUES (356029008, 'Bareilly', 356029);
INSERT INTO place (placeid, placename, stateid) VALUES (356029009, 'Aligarh', 356029);
INSERT INTO place (placeid, placename, stateid) VALUES (356029010, 'Moradabad', 356029);
INSERT INTO place (placeid, placename, stateid) VALUES (356029011, 'Saharanpur', 356029);
INSERT INTO place (placeid, placename, stateid) VALUES (356029012, 'Gorakhpur', 356029);
INSERT INTO place (placeid, placename, stateid) VALUES (356029013, 'Faizabad', 356029);
INSERT INTO place (placeid, placename, stateid) VALUES (356029014, 'Jhansi', 356029);
INSERT INTO place (placeid, placename, stateid) VALUES (356029015, 'Muzaffarnagar', 356029);
INSERT INTO place (placeid, placename, stateid) VALUES (356029016, 'Mathura', 356029);
INSERT INTO place (placeid, placename, stateid) VALUES (356029017, 'Budaun', 356029);
INSERT INTO place (placeid, placename, stateid) VALUES (356029018, 'Rampur', 356029);
INSERT INTO place (placeid, placename, stateid) VALUES (356029019, 'Shahjahanpur', 356029);
INSERT INTO place (placeid, placename, stateid) VALUES (356029020, 'Farrukhabad-cum-Fategarh', 356029);
INSERT INTO place (placeid, placename, stateid) VALUES (356029021, 'Maunath Bhanjan', 356029);
INSERT INTO place (placeid, placename, stateid) VALUES (356029022, 'Hapur', 356029);
INSERT INTO place (placeid, placename, stateid) VALUES (356029023, 'Noida', 356029);
INSERT INTO place (placeid, placename, stateid) VALUES (356029024, 'Etawah', 356029);
INSERT INTO place (placeid, placename, stateid) VALUES (356029025, 'Mirzapur-cum-Vindhyachal', 356029);
INSERT INTO place (placeid, placename, stateid) VALUES (356029026, 'Bulandshahr', 356029);
INSERT INTO place (placeid, placename, stateid) VALUES (356029027, 'Sambhal', 356029);
INSERT INTO place (placeid, placename, stateid) VALUES (356029028, 'Amroha', 356029);
INSERT INTO place (placeid, placename, stateid) VALUES (356029029, 'Hardoi', 356029);
INSERT INTO place (placeid, placename, stateid) VALUES (356029030, 'Fatehpur', 356029);
INSERT INTO place (placeid, placename, stateid) VALUES (356029031, 'Raebareli', 356029);
INSERT INTO place (placeid, placename, stateid) VALUES (356029032, 'Orai', 356029);
INSERT INTO place (placeid, placename, stateid) VALUES (356029033, 'Sitapur', 356029);
INSERT INTO place (placeid, placename, stateid) VALUES (356029034, 'Bahraich', 356029);
INSERT INTO place (placeid, placename, stateid) VALUES (356029035, 'Modinagar', 356029);
INSERT INTO place (placeid, placename, stateid) VALUES (356029036, 'Unnao', 356029);
INSERT INTO place (placeid, placename, stateid) VALUES (356029037, 'Jaunpur', 356029);
INSERT INTO place (placeid, placename, stateid) VALUES (356029038, 'Lakhimpur', 356029);
INSERT INTO place (placeid, placename, stateid) VALUES (356029039, 'Hathras', 356029);
INSERT INTO place (placeid, placename, stateid) VALUES (356029040, 'Banda', 356029);
INSERT INTO place (placeid, placename, stateid) VALUES (356029041, 'Pilibhit', 356029);
INSERT INTO place (placeid, placename, stateid) VALUES (356029042, 'Mughalsarai', 356029);
INSERT INTO place (placeid, placename, stateid) VALUES (356029043, 'Barabanki', 356029);
INSERT INTO place (placeid, placename, stateid) VALUES (356029044, 'Khurja', 356029);
INSERT INTO place (placeid, placename, stateid) VALUES (356029045, 'Gonda', 356029);
INSERT INTO place (placeid, placename, stateid) VALUES (356029046, 'Mainpuri', 356029);
INSERT INTO place (placeid, placename, stateid) VALUES (356029047, 'Lalitpur', 356029);
INSERT INTO place (placeid, placename, stateid) VALUES (356029048, 'Etah', 356029);
INSERT INTO place (placeid, placename, stateid) VALUES (356029049, 'Deoria', 356029);
INSERT INTO place (placeid, placename, stateid) VALUES (356029050, 'Ujhani', 356029);
INSERT INTO place (placeid, placename, stateid) VALUES (356029051, 'Ghazipur', 356029);
INSERT INTO place (placeid, placename, stateid) VALUES (356029052, 'Sultanpur', 356029);
INSERT INTO place (placeid, placename, stateid) VALUES (356029053, 'Azamgarh', 356029);
INSERT INTO place (placeid, placename, stateid) VALUES (356029054, 'Bijnor', 356029);
INSERT INTO place (placeid, placename, stateid) VALUES (356029055, 'Sahaswan', 356029);
INSERT INTO place (placeid, placename, stateid) VALUES (356029056, 'Basti', 356029);
INSERT INTO place (placeid, placename, stateid) VALUES (356029057, 'Chandausi', 356029);
INSERT INTO place (placeid, placename, stateid) VALUES (356029058, 'Akbarpur', 356029);
INSERT INTO place (placeid, placename, stateid) VALUES (356029059, 'Ballia', 356029);
INSERT INTO place (placeid, placename, stateid) VALUES (356029060, 'Tanda', 356029);
INSERT INTO place (placeid, placename, stateid) VALUES (356029061, 'Greater Noida', 356029);
INSERT INTO place (placeid, placename, stateid) VALUES (356029062, 'Shikohabad', 356029);
INSERT INTO place (placeid, placename, stateid) VALUES (356029063, 'Shamli', 356029);
INSERT INTO place (placeid, placename, stateid) VALUES (356029064, 'Khair', 356029);
INSERT INTO place (placeid, placename, stateid) VALUES (356029065, 'Kasganj', 356029);
INSERT INTO place (placeid, placename, stateid) VALUES (356030001, 'Dehradun', 356030);
INSERT INTO place (placeid, placename, stateid) VALUES (356030002, 'Haridwar', 356030);
INSERT INTO place (placeid, placename, stateid) VALUES (356030003, 'Roorkee', 356030);
INSERT INTO place (placeid, placename, stateid) VALUES (356030004, 'Haldwani-cum-Kathgodam', 356030);
INSERT INTO place (placeid, placename, stateid) VALUES (356030005, 'Rudrapur', 356030);
INSERT INTO place (placeid, placename, stateid) VALUES (356030006, 'Kashipur', 356030);
INSERT INTO place (placeid, placename, stateid) VALUES (356030007, 'Rishikesh', 356030);
INSERT INTO place (placeid, placename, stateid) VALUES (356031001, 'Kolkata', 356031);
INSERT INTO place (placeid, placename, stateid) VALUES (356031002, 'Asansol', 356031);
INSERT INTO place (placeid, placename, stateid) VALUES (356031003, 'Siliguri', 356031);
INSERT INTO place (placeid, placename, stateid) VALUES (356031004, 'Durgapur', 356031);
INSERT INTO place (placeid, placename, stateid) VALUES (356031005, 'Bardhaman', 356031);
INSERT INTO place (placeid, placename, stateid) VALUES (356031006, 'Malda', 356031);
INSERT INTO place (placeid, placename, stateid) VALUES (356031007, 'Baharampur', 356031);
INSERT INTO place (placeid, placename, stateid) VALUES (356031008, 'Habra', 356031);
INSERT INTO place (placeid, placename, stateid) VALUES (356031009, 'Jalpaiguri', 356031);
INSERT INTO place (placeid, placename, stateid) VALUES (356031010, 'Kharagpur', 356031);
INSERT INTO place (placeid, placename, stateid) VALUES (356031011, 'Shantipur', 356031);
INSERT INTO place (placeid, placename, stateid) VALUES (356031012, 'Dankuni', 356031);
INSERT INTO place (placeid, placename, stateid) VALUES (356031013, 'Dhulian', 356031);
INSERT INTO place (placeid, placename, stateid) VALUES (356031014, 'Ranaghat', 356031);
INSERT INTO place (placeid, placename, stateid) VALUES (356031015, 'Haldia', 356031);
INSERT INTO place (placeid, placename, stateid) VALUES (356031016, 'Raiganj', 356031);
INSERT INTO place (placeid, placename, stateid) VALUES (356031017, 'Krishnanagar', 356031);
INSERT INTO place (placeid, placename, stateid) VALUES (356031018, 'Nabadwip', 356031);
INSERT INTO place (placeid, placename, stateid) VALUES (356031019, 'Medinipur', 356031);
INSERT INTO place (placeid, placename, stateid) VALUES (356031020, 'Balurghat', 356031);
INSERT INTO place (placeid, placename, stateid) VALUES (356031021, 'Basirhat', 356031);
INSERT INTO place (placeid, placename, stateid) VALUES (356031022, 'Bankura', 356031);
INSERT INTO place (placeid, placename, stateid) VALUES (356031023, 'Chakdaha', 356031);
INSERT INTO place (placeid, placename, stateid) VALUES (356031024, 'Darjeeling', 356031);
INSERT INTO place (placeid, placename, stateid) VALUES (356031025, 'Alipurduar', 356031);
INSERT INTO place (placeid, placename, stateid) VALUES (356031026, 'Purulia', 356031);
INSERT INTO place (placeid, placename, stateid) VALUES (356031027, 'Jangipur', 356031);
INSERT INTO place (placeid, placename, stateid) VALUES (356031028, 'Bangaon', 356031);
INSERT INTO place (placeid, placename, stateid) VALUES (356031029, 'Cooch Behar', 356031);

-- INSERT FOR gender
INSERT INTO gender (genderid, gendername) VALUES (-1, 'undefined');
INSERT INTO gender (genderid, gendername) VALUES (1, 'Male');
INSERT INTO gender (genderid, gendername) VALUES (2, 'Female');
INSERT INTO gender (genderid, gendername) VALUES (3, 'Transgender');


INSERT INTO employment(employmentid, employmenttext) VALUES (?, ?);

INSERT INTO familytype(familytypeid, familytypetext) VALUES (?, ?);

INSERT INTO currency(currencyid, currencyname) VALUES (?, ?);

INSERT INTO education(courseid, coursename, passingyear) VALUES (?, ?, ?);

INSERT INTO maritalstatus(maritalstatusid, maritalstatustext) VALUES (?, ?);

INSERT INTO occupation(occupationid, occupationname) VALUES (?, ?);

